,Relationship,name,full_community_id,Ar,AtomicNumber,Categorisation,Density,Dimensions,Form,Free_of,Material,MeltingPoint,Series,Specifications,Symbol,Title
0,IS_COMPOSED_OF,"['Tabloid', 'Dimensions']",['51'],,,"['Nonferrous Scrap - Aluminum', 'Specifications']",,"['Minimum size of 3� (8 cm) in any direction', 'Title']","['Lithographic Sheets', 'name']","['paper', ' plastic', ' ink', ' and any other contaminants', 'Categorisation']","['Aluminum', 'full_community_id']",,,"['New', ' clean. To consist of 1000 and/or 3000 series alloys', ' uncoated', ' unpainted', 'Form']",,"['New', ' Clean Aluminum Lithographic Sheets', 'Material']"
1,IS_COMPOSED_OF,"['Tablet', 'Title']",['50'],,,"['Nonferrous Scrap - Aluminum', 'Specifications']",,,"['Lithographic Sheets', 'name']","['paper', ' plastic', ' excessively inked sheets', ' and any other contaminants', 'Categorisation']","['Aluminum ', 'full_community_id']",,,"['Clean. To consist of 1000 and/or 3000 series alloys', 'Form']",,"['Clean Aluminum Lithographic Sheets', 'Material']"
2,IS_COMPOSED_OF,"['Zorba', 'Title']",['97'],,,"['Nonferrous Scrap - Aluminum', 'Specifications']",,,"['Nonferrous Scrap', 'name']","['Radioactive material', ' dross', ' or ash', 'Categorisation']",,,,"['Shall be made up of a combination of the nonferrous metals – aluminum', ' copper', ' lead', ' magnesium', ' stainless steel', ' nickel', ' tin', ' and zinc', ' in elemental or alloyed (solid) form. Material generated by eddy current', ' air separation', ' flotation', ' screening', ' other segregation technique(s)', ' or a combination thereof. Shall have passed one or more magnets to reduce or eliminate free iron and/or large iron attachments. Material to be bought/sold under this guideline shall be identified as �Zorba� with a number to follow indicating the estimated percentage nonferrous metal content of the material (e.g.', ' �Zorba 90� means the material contains approximately 90% nonferrous metal content). May also be screened to permit description by specific size ranges. (Refer also to Zorba under Mixed Metals.)', 'Form']",,"['Shredded Nonferrous Scrap (predominantly aluminum)', 'full_community_id']"
3,IS_COMPOSED_OF,"['Tesla', 'Title']",['79'],,,"['Nonferrous Scrap - Aluminum', 'Specifications']",,,"['Foil', 'name']","['Radar chaff foil', ' chemically etched foil', ' laminated foils', ' iron', ' paper', ' plastic and other non-metallic contaminants', 'Categorisation']","['Aluminum', 'full_community_id']",,,"['Baled old household aluminum foil and formed foil containers of uncoated 1000', ' 3000 and 8000 series aluminum alloy. Material may be anodized and contain a maximum of 5% organic residue', 'Form']",,"['Post Consumer Aluminum Foil', 'Material']"
4,IS_COMPOSED_OF,"['Tooth', 'Dimensions']",['85'],,,"['Nonferrous Scrap - Aluminum', 'Specifications']",,"['Minimum thickness of .015� (.38 mm)', 'Title']","['Clippings and Solids', 'name']","['Hair wire', ' wire screen', ' dirt and other nonmetallic items. Also free from punchings less than 1/2� (1.27 cm) in size.', 'Categorisation']","['Aluminum', 'full_community_id']",,,"['New', ' clean', ' uncoated and unpainted aluminum scrap of one specified aluminum alloy. Oil and grease not to total more than 1%.', 'Form']",,"['Segregated New Aluminum Alloy Clippings and Solids', 'Material']"
5,IS_COMPOSED_OF,"['Tread', 'Title']",['87'],,,"['Nonferrous Scrap - Aluminum', 'Specifications']",,,"['Castings', ' Forgings and Extrusions', 'name']","['Sawings', ' stainless steel', ' zinc', ' iron', ' dirt', ' oil', ' grease and other non-metallic items', 'Categorisation']","['Aluminum', 'full_community_id']",,,"['New', ' clean', ' uncoated aluminum castings', ' forgings', ' and extrusions of one specified alloy only', 'Form']",,"['null', 'Material']"
6,IS_COMPOSED_OF,"['Tough', 'Dimensions']",['86'],,,"['Nonferrous Scrap - Aluminum', 'Specifications']",,"['Minimum thickness of .015� (.38 mm)', 'Title']","['Clippings and Solids', 'name']","['Hair wire', ' wire screen', ' dirt and other nonmetallic items. Also free from punchings less than 1/2� (1.27 cm) in size.', 'Categorisation']","['Aluminum', 'full_community_id']",,,"['New', ' clean', ' uncoated and unpainted aluminum scrap of two or more alloys. Oil and grease not to total more than 1%.', 'Form']",,"['Mixed New Aluminum Alloy Clippings and Solids', 'Material']"
7,IS_COMPOSED_OF,"['Tutu', 'Title']",['73'],,,"['Nonferrous Scrap - Aluminum', 'Specifications']",,,"['Extrusions', 'name']","['Iron', ' thermo break', ' saw chips', ' zinc corners', ' dirt', ' paper', ' cardboard', ' and other foreign contamination.', 'Categorisation']","['Aluminum', 'full_community_id']",,,"['Old extruded aluminum of one alloy', ' typically alloy 6063', ' 6061', ' or 7075', 'Form']",,"['Aluminum Extrusions Dealer Grade', 'Material']"
8,IS_COMPOSED_OF,"['Toto', 'Title']",['72'],,,"['Nonferrous Scrap - Aluminum', 'Specifications']",,,"['Extrusions', 'name']","['Other alloys of aluminum', ' zinc corners', ' iron attachments', ' felt', ' plastic', ' paper', ' cardboard', ' thermo break', ' and dirt and other contaminants', 'Categorisation']","['Aluminum', 'full_community_id']",,,"['Material to consist of new production and old/used 6063 extrusions that may contain up to (but not exceed) 10 percent painted extrusions and 10 percent 6061 alloy extrusions.', 'Form']",,"['Aluminum Extrusions 10/10', 'Material']"
9,IS_COMPOSED_OF,"['Take', 'Title']",['54'],,,"['Nonferrous Scrap - Aluminum', 'Specifications']",,,"['Cans and clippings ', 'name']","['Lids with sealers', ' iron', ' dirt and other foreign contamination', 'Categorisation']","['Aluminum ', 'full_community_id']",,,"['Low copper', ' clean', ' lithographed or not lithographed', ' and coated with clear lacquer. Oil not to exceed 1%.', 'Form']",,"['New Aluminum Can Stock', 'Material']"
10,IS_COMPOSED_OF,"['Throb', 'Title']",['84'],,,"['Nonferrous Scrap - Aluminum', 'Specifications']",,,"['Aluminum Scrap ', 'name']","['Corrosion', ' dross or any non-aluminum inclusions', 'Categorisation']","['Aluminum', 'full_community_id']",,,"['Aluminum scrap which has been sweated or melted into a form or shape such as an ingot', ' sow or slab for convenience in shipping', 'Form']",,"['Sweated Aluminum', 'Material']"
11,IS_COMPOSED_OF,"['Terse', 'Title']",['78'],,,"['Nonferrous Scrap - Aluminum', 'Specifications']",,,"['Foil', 'name']","['Anodized foil', ' radar foil and chaff', ' paper', ' plastics', ' or any other non-metallic items', 'Categorisation']","['Aluminum', 'full_community_id']",,,"['Clean', ' new', ' pure', ' uncoated 1000 and/or 3000 and/or 8000 series alloy aluminum foil', 'Form']",,"['New Aluminum Foil', 'Material']"
12,IS_COMPOSED_OF,"['Talon', 'Title']",['64'],,,"['Nonferrous Scrap - Aluminum', 'Specifications']",,,"['Wire and Cable ', 'name']","['Hair wire', ' ACSR', ' wire screen', ' iron', ' insulation and other non-metallic items.', 'Categorisation']","['Aluminum', 'full_community_id']",,,"['New', ' clean', ' unalloyed', 'Form']",,"['New Pure Aluminum Wire and Cable', 'Material']"
13,IS_COMPOSED_OF,"['Tale', 'Title']",['60'],,,"['Nonferrous Scrap - Aluminum', 'Specifications']",,,"['Siding scrap ', 'name']","['Plastic coating', ' iron', ' dirt', ' corrosion', ' fiber', ' foam', ' or fiberglass backing or other non-metallic items', 'Categorisation']","['Aluminum', 'full_community_id']",,,"['Clean', ' low copper', ' painted one or two sides', 'Form']",,"['Painted Siding', 'Material']"
14,IS_COMPOSED_OF,"['Trill', 'Title']",['90'],,,"['Nonferrous Scrap - Aluminum', 'Specifications']",,,"['Wire', 'name']","['Other wires and cables unless mutually agreed upon', 'Categorisation']","['Aluminum', 'full_community_id']",,,"['Aluminum Conductor Steel Reinforced (ACSR) wire is a combination of steel and aluminum wire', ' of various configurations', ' with the expected aluminum recovery agreed upon by the buyer and the seller.', 'Form']",,"['ACSR', 'Material']"
15,IS_COMPOSED_OF,"['Tall', 'Title']",['62'],,,"['Nonferrous Scrap - Aluminum', 'Specifications']",,,"['E.C. ', 'name']","['Screening', ' hair-wire', ' iron', ' copper', ' insulation and other non-metallic items. Must be free of minus 20 mesh material', 'Categorisation']","['Aluminum', 'full_community_id']",,,"['Clean', ' Chopped or Shredder. Must contain 99.45% aluminum content.', 'Form']",,"['E.C. Aluminum Nodules', 'Material']"
16,IS_COMPOSED_OF,"['Troma', 'Title']",['88'],,,"['Nonferrous Scrap - Aluminum', 'Specifications']",,,"['Wheels', 'name']","['All inserts', ' steel', ' wheel weights', ' valve stems', ' tires', ' grease and oil and other non-metallic items', 'Categorisation']","['Aluminum', 'full_community_id']",,,"['Clean', ' single-piece', ' unplated aluminum wheels of a single specified alloy', 'Form']",,"['Aluminum Auto Truck Wheels', 'Material']"
17,IS_COMPOSED_OF,"['Twirl', 'Title']",['92'],,,"['Nonferrous Scrap - Aluminum', 'Specifications']",,,"['Aircraft Scrap', 'name']","['Excessively oxidized material', 'Categorisation']","['Aluminum', 'full_community_id']",,,"['The material as received must be dry and not to contain more than 2% free zinc', ' 1% maximum free magnesium', ' and 1.5% maximum free iron and stainless with a maximum of 2% analytical iron. Not to contain more than a total 5% maximum of non-metallics', ' of which no more than 1% shall be rubber and plastics.', 'Form']",,"['Fragmentizer Aircraft Aluminum Scrap (2000 and 7000 series)', 'Material']"
18,IS_COMPOSED_OF,"['Tann', 'Title']",['65'],,,"['Nonferrous Scrap - Aluminum', 'Specifications']",,,"['Wire and Cable ', 'name']","['Hair wire', ' wire screen', ' iron', ' insulation and other non-metallic items', 'Categorisation']","['Aluminum', 'full_community_id']",,,"['New', ' clean', ' unalloyed. May contain up to 10% 6000 series wire and cable', 'Form']",,"['New Mixed Aluminum Wire and Cable', 'Material']"
19,IS_COMPOSED_OF,"['Taste', 'Title']",['70'],,,"['Nonferrous Scrap - Aluminum', 'Specifications']",,,"['Wire and Cable ', 'name']","['Hair wire', ' wire screen', ' iron', ' insulation and other non-metallic items', 'Categorisation']","['Aluminum', 'full_community_id']",,,"['Old', ' unalloyed', ' containing not over 1% free oxide or dirt', 'Form']",,"['Old Pure Aluminum Wire and Cable', 'Material']"
20,IS_COMPOSED_OF,"['Tata', 'Title']",['71'],,,"['Nonferrous Scrap - Aluminum', 'Specifications']",,,"['Extrusions', 'name']","['Any foreign contamination', 'Categorisation']","['Aluminum', 'full_community_id']",,,"['Consists of one alloy (typically 6063). Material may contain �butt ends� from the extrusion process. Anodized material is acceptable.', 'Form']",,"['New Production Aluminum Extrusions', 'Material']"
21,CONTAINS,"['2218', 'full_community_id']",['298'],,,,,,,,,,"['2000', 'name']",,,
22,CONTAINS,"['2397', 'full_community_id']",['301'],,,,,,,,,,"['2000', 'name']",,,
23,CONTAINS,"['6061', 'full_community_id']",['367'],,,,,,,,,,"['6000', 'name']",,,
24,CONTAINS,"['1230', 'full_community_id']",['426'],,,,,,,,,,"['1000', 'name']",,,
25,CONTAINS,"['2080', 'full_community_id']",['271'],,,,,,,,,,"['2000', 'name']",,,
26,CONTAINS,"['5019', 'full_community_id']",['341'],,,,,,,,,,"['5000', 'name']",,,
27,CONTAINS,"['8009', 'full_community_id']",['410'],,,,,,,,,,"['8000', 'name']",,,
28,CONTAINS,"['5024', 'full_community_id']",['342'],,,,,,,,,,"['5000', 'name']",,,
29,CONTAINS,"['1100', 'full_community_id']",['423'],,,,,,,,,,"['1000', 'name']",,,
30,CONTAINS,"['5056', 'full_community_id']",['347'],,,,,,,,,,"['5000', 'name']",,,
31,CONTAINS,"['2198', 'full_community_id']",['297'],,,,,,,,,,"['2000', 'name']",,,
32,CONTAINS,"['5154', 'full_community_id']",['351'],,,,,,,,,,"['5000', 'name']",,,
33,CONTAINS,"['7085', 'full_community_id']",['401'],,,,,,,,,,"['7000', 'name']",,,
34,CONTAINS,"['6101', 'full_community_id']",['376'],,,,,,,,,,"['6000', 'name']",,,
35,CONTAINS,"['8019', 'full_community_id']",['413'],,,,,,,,,,"['8000', 'name']",,,
36,CONTAINS,"['6113', 'full_community_id']",['378'],,,,,,,,,,"['6000', 'name']",,,
37,CONTAINS,"['6009', 'full_community_id']",['362'],,,,,,,,,,"['6000', 'name']",,,
38,CONTAINS,"['7010', 'full_community_id']",['388'],,,,,,,,,,"['7000', 'name']",,,
39,CONTAINS,"['7150', 'full_community_id']",['405'],,,,,,,,,,"['7000', 'name']",,,
40,CONTAINS,"['2618', 'full_community_id']",['307'],,,,,,,,,,"['2000', 'name']",,,
41,CONTAINS,"['8176', 'full_community_id']",['419'],,,,,,,,,,"['8000', 'name']",,,
42,CONTAINS,"['2095', 'full_community_id']",['289'],,,,,,,,,,"['2000', 'name']",,,
43,CONTAINS,"['2004', 'full_community_id']",['261'],,,,,,,,,,"['2000', 'name']",,,
44,CONTAINS,"['5454', 'full_community_id']",['356'],,,,,,,,,,"['5000', 'name']",,,
45,CONTAINS,"['8014', 'full_community_id']",['412'],,,,,,,,,,"['8000', 'name']",,,
46,CONTAINS,"['8006', 'full_community_id']",['409'],,,,,,,,,,"['8000', 'name']",,,
47,CONTAINS,"['7050', 'full_community_id']",['393'],,,,,,,,,,"['7000', 'name']",,,
48,CONTAINS,"['2324', 'full_community_id']",['303'],,,,,,,,,,"['2000', 'name']",,,
49,CONTAINS,"['2091', 'full_community_id']",['287'],,,,,,,,,,"['2000', 'name']",,,
50,CONTAINS,"['6063A', 'full_community_id']",['370'],,,,,,,,,,"['#VALUE!', 'name']",,,
51,CONTAINS,"['8090', 'full_community_id']",['416'],,,,,,,,,,"['8000', 'name']",,,
52,CONTAINS,"['3103', 'full_community_id']",['312'],,,,,,,,,,"['3000', 'name']",,,
53,CONTAINS,"['6463', 'full_community_id']",['385'],,,,,,,,,,"['6000', 'name']",,,
54,CONTAINS,"['6060', 'full_community_id']",['366'],,,,,,,,,,"['6000', 'name']",,,
55,CONTAINS,"['2097', 'full_community_id']",['290'],,,,,,,,,,"['2000', 'name']",,,
56,CONTAINS,"['8030', 'full_community_id']",['415'],,,,,,,,,,"['8000', 'name']",,,
57,CONTAINS,"['8011', 'full_community_id']",['411'],,,,,,,,,,"['8000', 'name']",,,
58,CONTAINS,"['7075', 'full_community_id']",['398'],,,,,,,,,,"['7000', 'name']",,,
59,CONTAINS,"['7079', 'full_community_id']",['400'],,,,,,,,,,"['7000', 'name']",,,
60,CONTAINS,"['7034', 'full_community_id']",['390'],,,,,,,,,,"['7000', 'name']",,,
61,CONTAINS,"['3004', 'full_community_id']",['309'],,,,,,,,,,"['3000', 'name']",,,
62,CONTAINS,"['2519', 'full_community_id']",['305'],,,,,,,,,,"['2000', 'name']",,,
63,CONTAINS,"['6151', 'full_community_id']",['379'],,,,,,,,,,"['6000', 'name']",,,
64,CONTAINS,"['4047', 'full_community_id']",['336'],,,,,,,,,,"['4000', 'name']",,,
65,CONTAINS,"['1050', 'full_community_id']",['420'],,,,,,,,,,"['1000', 'name']",,,
66,CONTAINS,"['1145', 'full_community_id']",['424'],,,,,,,,,,"['1000', 'name']",,,
67,CONTAINS,"['7072', 'full_community_id']",['397'],,,,,,,,,,"['7000', 'name']",,,
68,CONTAINS,"['6070', 'full_community_id']",['373'],,,,,,,,,,"['6000', 'name']",,,
69,CONTAINS,"['6063', 'full_community_id']",['368'],,,,,,,,,,"['6000', 'name']",,,
70,CONTAINS,"['3003', 'full_community_id']",['308'],,,,,,,,,,"['3000', 'name']",,,
71,CONTAINS,"['7475', 'full_community_id']",['408'],,,,,,,,,,"['7000', 'name']",,,
72,CONTAINS,"['1070', 'full_community_id']",['422'],,,,,,,,,,"['1000', 'name']",,,
73,CONTAINS,"['7093', 'full_community_id']",['402'],,,,,,,,,,"['7000', 'name']",,,
74,CONTAINS,"['6081', 'full_community_id']",['374'],,,,,,,,,,"['6000', 'name']",,,
75,CONTAINS,"['3102', 'full_community_id']",['311'],,,,,,,,,,"['3000', 'name']",,,
76,CONTAINS,"['7065', 'full_community_id']",['395'],,,,,,,,,,"['7000', 'name']",,,
77,CONTAINS,"['5026', 'full_community_id']",['343'],,,,,,,,,,"['5000', 'name']",,,
78,CONTAINS,"['5557', 'full_community_id']",['359'],,,,,,,,,,"['5000', 'name']",,,
79,CONTAINS,"['2098', 'full_community_id']",['291'],,,,,,,,,,"['2000', 'name']",,,
80,CONTAINS,"['6013', 'full_community_id']",['364'],,,,,,,,,,"['6000', 'name']",,,
81,CONTAINS,"['7039', 'full_community_id']",['391'],,,,,,,,,,"['7000', 'name']",,,
82,CONTAINS,"['2036', 'full_community_id']",['268'],,,,,,,,,,"['2000', 'name']",,,
83,CONTAINS,"['7068', 'full_community_id']",['396'],,,,,,,,,,"['7000', 'name']",,,
84,CONTAINS,"['6066', 'full_community_id']",['372'],,,,,,,,,,"['6000', 'name']",,,
85,CONTAINS,"['5182', 'full_community_id']",['353'],,,,,,,,,,"['5000', 'name']",,,
86,CONTAINS,"['6010', 'full_community_id']",['363'],,,,,,,,,,"['6000', 'name']",,,
87,CONTAINS,"['2024', 'full_community_id']",['266'],,,,,,,,,,"['2000', 'name']",,,
88,CONTAINS,"['2319', 'full_community_id']",['304'],,,,,,,,,,"['2000', 'name']",,,
89,CONTAINS,"['6951', 'full_community_id']",['386'],,,,,,,,,,"['6000', 'name']",,,
90,CONTAINS,"['4032', 'full_community_id']",['334'],,,,,,,,,,"['4000', 'name']",,,
91,CONTAINS,"['6082', 'full_community_id']",['375'],,,,,,,,,,"['6000', 'name']",,,
92,CONTAINS,"['2029', 'full_community_id']",['267'],,,,,,,,,,"['2000', 'name']",,,
93,CONTAINS,"['7129', 'full_community_id']",['404'],,,,,,,,,,"['7000', 'name']",,,
94,CONTAINS,"['4043', 'full_community_id']",['335'],,,,,,,,,,"['4000', 'name']",,,
95,CONTAINS,"['2297', 'full_community_id']",['300'],,,,,,,,,,"['2000', 'name']",,,
96,CONTAINS,"['5083', 'full_community_id']",['349'],,,,,,,,,,"['5000', 'name']",,,
97,CONTAINS,"['7116', 'full_community_id']",['403'],,,,,,,,,,"['7000', 'name']",,,
98,CONTAINS,"['5010', 'full_community_id']",['340'],,,,,,,,,,"['5000', 'name']",,,
99,CONTAINS,"['5652', 'full_community_id']",['346'],,,,,,,,,,"['5000', 'name']",,,
100,CONTAINS,"['2011', 'full_community_id']",['262'],,,,,,,,,,"['2000', 'name']",,,
101,CONTAINS,"['1060', 'full_community_id']",['421'],,,,,,,,,,"['1000', 'name']",,,
102,CONTAINS,"['5754', 'full_community_id']",['360'],,,,,,,,,,"['5000', 'name']",,,
103,CONTAINS,"['3303', 'full_community_id']",['313'],,,,,,,,,,"['3000', 'name']",,,
104,CONTAINS,"['2224', 'full_community_id']",['302'],,,,,,,,,,"['2000', 'name']",,,
105,CONTAINS,"['5050', 'full_community_id']",['344'],,,,,,,,,,"['5000', 'name']",,,
106,CONTAINS,"['6105', 'full_community_id']",['377'],,,,,,,,,,"['6000', 'name']",,,
107,CONTAINS,"['5052', 'full_community_id']",['345'],,,,,,,,,,"['5000', 'name']",,,
108,CONTAINS,"['5086', 'full_community_id']",['350'],,,,,,,,,,"['5000', 'name']",,,
109,CONTAINS,"['6262', 'full_community_id']",['383'],,,,,,,,,,"['6000', 'name']",,,
110,CONTAINS,"['6022', 'full_community_id']",['365'],,,,,,,,,,"['6000', 'name']",,,
111,CONTAINS,"['5456', 'full_community_id']",['357'],,,,,,,,,,"['5000', 'name']",,,
112,CONTAINS,"['7178', 'full_community_id']",['406'],,,,,,,,,,"['7000', 'name']",,,
113,CONTAINS,"['2124', 'full_community_id']",['293'],,,,,,,,,,"['2000', 'name']",,,
114,CONTAINS,"['1350', 'full_community_id']",['427'],,,,,,,,,,"['1000', 'name']",,,
115,CONTAINS,"['3105', 'full_community_id']",['314'],,,,,,,,,,"['3000', 'name']",,,
116,CONTAINS,"['7049', 'full_community_id']",['392'],,,,,,,,,,"['7000', 'name']",,,
117,CONTAINS,"['4007', 'full_community_id']",['317'],,,,,,,,,,"['4000', 'name']",,,
118,CONTAINS,"['6351', 'full_community_id']",['384'],,,,,,,,,,"['6000', 'name']",,,
119,CONTAINS,"['6201', 'full_community_id']",['381'],,,,,,,,,,"['6000', 'name']",,,
120,CONTAINS,"['4006', 'full_community_id']",['316'],,,,,,,,,,"['4000', 'name']",,,
121,CONTAINS,"['2048', 'full_community_id']",['269'],,,,,,,,,,"['2000', 'name']",,,
122,CONTAINS,"['2197', 'full_community_id']",['296'],,,,,,,,,,"['2000', 'name']",,,
123,CONTAINS,"['3203', 'full_community_id']",['315'],,,,,,,,,,"['3000', 'name']",,,
124,CONTAINS,"['6005', 'full_community_id']",['361'],,,,,,,,,,"['6000', 'name']",,,
125,CONTAINS,"['5254', 'full_community_id']",['352'],,,,,,,,,,"['5000', 'name']",,,
126,CONTAINS,"['2196', 'full_community_id']",['295'],,,,,,,,,,"['2000', 'name']",,,
127,CONTAINS,"['6162', 'full_community_id']",['380'],,,,,,,,,,"['6000', 'name']",,,
128,CONTAINS,"['5059', 'full_community_id']",['348'],,,,,,,,,,"['5000', 'name']",,,
129,CONTAINS,"['3005', 'full_community_id']",['310'],,,,,,,,,,"['3000', 'name']",,,
130,CONTAINS,"['8025', 'full_community_id']",['414'],,,,,,,,,,"['8000', 'name']",,,
131,CONTAINS,"['8091', 'full_community_id']",['417'],,,,,,,,,,"['8000', 'name']",,,
132,CONTAINS,"['2099', 'full_community_id']",['292'],,,,,,,,,,"['2000', 'name']",,,
133,CONTAINS,"['646g', 'full_community_id']",['369'],,,,,,,,,,"['#VALUE!', 'name']",,,
134,CONTAINS,"['5252', 'full_community_id']",['354'],,,,,,,,,,"['5000', 'name']",,,
135,CONTAINS,"['7005', 'full_community_id']",['387'],,,,,,,,,,"['7000', 'name']",,,
136,CONTAINS,"['1199', 'full_community_id']",['425'],,,,,,,,,,"['1000', 'name']",,,
137,CONTAINS,"['2524', 'full_community_id']",['306'],,,,,,,,,,"['2000', 'name']",,,
138,CONTAINS,"['7022', 'full_community_id']",['389'],,,,,,,,,,"['7000', 'name']",,,
139,CONTAINS,"['7175', 'full_community_id']",['399'],,,,,,,,,,"['7000', 'name']",,,
140,CONTAINS,"['2195', 'full_community_id']",['294'],,,,,,,,,,"['2000', 'name']",,,
141,CONTAINS,"['5657', 'full_community_id']",['339'],,,,,,,,,,"['5000', 'name']",,,
142,CONTAINS,"['5005', 'full_community_id']",['338'],,,,,,,,,,"['5000', 'name']",,,
143,CONTAINS,"['2017', 'full_community_id']",['264'],,,,,,,,,,"['2000', 'name']",,,
144,CONTAINS,"['6065', 'full_community_id']",['371'],,,,,,,,,,"['6000', 'name']",,,
145,CONTAINS,"['6205', 'full_community_id']",['382'],,,,,,,,,,"['6000', 'name']",,,
146,CONTAINS,"['2020', 'full_community_id']",['265'],,,,,,,,,,"['2000', 'name']",,,
147,CONTAINS,"['7255', 'full_community_id']",['407'],,,,,,,,,,"['7000', 'name']",,,
148,CONTAINS,"['1370', 'full_community_id']",['428'],,,,,,,,,,"['1000', 'name']",,,
149,CONTAINS,"['2014', 'full_community_id']",['263'],,,,,,,,,,"['2000', 'name']",,,
150,CONTAINS,"['7055', 'full_community_id']",['394'],,,,,,,,,,"['7000', 'name']",,,
151,CONTAINS,"['2090', 'full_community_id']",['286'],,,,,,,,,,"['2000', 'name']",,,
152,CONTAINS,"['4543', 'full_community_id']",['337'],,,,,,,,,,"['4000', 'name']",,,
153,CONTAINS,"['2094', 'full_community_id']",['288'],,,,,,,,,,"['2000', 'name']",,,
154,CONTAINS,"['5356', 'full_community_id']",['355'],,,,,,,,,,"['5000', 'name']",,,
155,CONTAINS,"['2055', 'full_community_id']",['270'],,,,,,,,,,"['2000', 'name']",,,
156,CONTAINS,"['8093', 'full_community_id']",['418'],,,,,,,,,,"['8000', 'name']",,,
157,CONTAINS,"['4015', 'full_community_id']",['318'],,,,,,,,,,"['4000', 'name']",,,
158,CONTAINS,"['5457', 'full_community_id']",['358'],,,,,,,,,,"['5000', 'name']",,,
159,CONTAINS,"['2219', 'full_community_id']",['299'],,,,,,,,,,"['2000', 'name']",,,
160,IS_COMPOSED_OF,"['264', 'Title']",['225'],,,"['Ferrous Scrap - Specially processed Grades to Meet Consumer Requirements - Cast Iron Grades', 'Form']",,,"['Malleable parts of automobiles', ' railroad cars', ' locomotives or mescellaneous melleable iron castings', 'name']","['Cast iron and steel parts and other foreign material', 'Categorisation']",,,,,,"['Malleable', 'full_community_id']"
161,IS_COMPOSED_OF,"['267', 'Title']",['228'],,,"['Ferrous Scrap - Specially processed Grades to Meet Consumer Requirements - Special Boring Grades', 'Specifications']",,,"['Borings and drillings ', 'name']","['Steel turnings', ' or chips', ' lumps', ' scale', ' corroded or rusty material', 'Categorisation']","['Cast or malleable iron ', 'full_community_id']",,,"['Containing not more than 1 percent oil', 'Form']",,"['No. 1 Chemical Borings', 'Material']"
162,IS_COMPOSED_OF,"['271', 'Title']",['232'],,,"['Ferrous Scrap - Specially processed Grades to Meet Consumer Requirements - Special Boring Grades', 'Specifications']",,,"['Borings and drillings ', 'name']","['Steel turnings', ' or chips', ' lumps', ' scale', ' corroded or rusty material', 'Categorisation']","['Cast or malleable iron ', 'full_community_id']",,,"['Nea clean', ' containing not more than 1.5 percent oil', 'Form']",,"['No. 2 Chemical Borings', 'Material']"
163,IS_COMPOSED_OF,"['270', 'Title']",['231'],,,"['Ferrous Scrap - Specially processed Grades to Meet Consumer Requirements - Special Boring Grades', 'Specifications']",,,"['Borings and drillings ', 'name']","['Steel turnings', ' scale', ' lumps and excessive oil', 'Categorisation']","['Malleable iron ', 'full_community_id']",,,"['Clean ', 'Form']",,"['Malleable Borings', 'Material']"
164,IS_COMPOSED_OF,"['223', 'Title']",['182'],,,"['Ferrous Scrap ', 'Specifications']",,,"['Borings and drillings ', 'name']","['Steel turnings', ' scale', ' lumps or excessive oil.', 'Categorisation']","['Cast Iron or malleable iron ', 'full_community_id']",,,"['Clean', 'Form']",,"['Iron Borings', 'Material']"
165,IS_COMPOSED_OF,"['Pallu', 'Title']",['47'],,,"['Nonferrous Scrap - Red Metals', 'Specifications']",,,"['Condenser tubes', 'name']","['Nickel alloy and corroded material', 'Categorisation']","['Aluminum Brass', 'full_community_id']",,,"['Clean. May be plated or unplated', 'Form']",,"['Aluminum Brass Condenser Tubes', 'Material']"
166,IS_COMPOSED_OF,"['Melon', 'Title']",['37'],,,"['Nonferrous Scrap - Red Metals', 'Specifications']",,,"['Pipe ', 'name']","['Plated and soldered materials or pipes with cast brass connections', 'Categorisation']","['Brass', 'full_community_id']",,,"['To be sound', ' clean pipes free of sediment and condenser tubes', 'Form']",,"['Brass Pipe', 'Material']"
167,IS_COMPOSED_OF,"['Lamb', 'Title']",['31'],,,"['Nonferrous Scrap - Red Metals', 'Specifications']",,,"['Rifle shells', 'name']","['bullets', ' iron and any other foreign material', 'Categorisation']","['Brass', 'full_community_id']",,,"['Clean muffled. For material to be exported from the United States', ' all shells must be sufficiently mutilated to prevent reuse and reloading.', 'Form']",,"['Brass Small Arms and Rifle Shells', ' Clean Muffled (Popped)', 'Material']"
168,IS_COMPOSED_OF,"['Lake', 'Title']",['30'],,,"['Nonferrous Scrap - Red Metals', 'Specifications']",,,"['Rifle shells', 'name']","['bullets', ' iron and any other foreign material', 'Categorisation']","['Brass', 'full_community_id']",,,"['Clean. For material to be exported from the United States', ' all shells must be sufficiently mutilated to prevent reuse and reloading', 'Form']",,"['Brass Small Arms and Rifle Shells', ' Clean Fired', 'Material']"
169,IS_COMPOSED_OF,"['Lace', 'Title']",['28'],,,"['Nonferrous Scrap - Red Metals', 'Specifications']",,,"['Fired 70/30 shell cases', 'name']","['primers and any other foreign material', 'Categorisation']","['Brass', 'full_community_id']",,,"['Clean. For material to be exported from the United States', ' all shells must be sufficiently mutilated to prevent reuse and reloading', 'Form']",,"['Brass Shell Cases Without Primers', 'Material']"
170,IS_COMPOSED_OF,"['Erin', 'Title']",['21'],,,"['Nonferrous Scrap - Red Metals', 'Specifications']",,,"['Borings', 'name']",,"['Brass', 'full_community_id']",,,"['Copper content of not less than 75%', ' a tin content of not less than 6%', ' and a lead content of not less than 6% nor more than 11%', ' and the total impurities', ' exclusive of zinc', ' antimony', ' and nickel of not more than 0.75%; the antimony content not to exceed 0.50%.', 'Form']",,"['Machinery or Hard Brass Borings', 'Material']"
171,IS_COMPOSED_OF,"['Engel', 'Title']",['20'],,,"['Nonferrous Scrap - Red Metals', 'Specifications']",,,"['Solids', 'name']","['lined and unlined standard red car boxes.', 'Categorisation']","['Brass', 'full_community_id']",,,"['Copper content of not less than 75%', ' a tin content of not less than 6%', ' and a lead content of not less than 6% nor more than 11%', ' and total impurities', ' exclusive of zinc', ' antimony', ' and nickel of not more than 0.75%; the antimony content not to exceed 0.50%.', 'Form']",,"['Machinery or Hard Brass Solids', 'Material']"
172,IS_COMPOSED_OF,"['Elias', 'Title']",['18'],,,"['Nonferrous Scrap - Red Metals', 'Specifications']",,,"['Solids and Borings', 'name']",,"['Bronze', 'full_community_id']",,,"['It is recommended that these materials be sold on sample or analysis.', 'Form']",,"['High Lead Bronze Solids and Borings', 'Material']"
173,IS_COMPOSED_OF,"['Berry', 'Title']",['0'],,,"['Nonferrous Scrap - Red Metals', 'Specifications']",,"['Wire gauge subject to agreement between buyer and seller', 'Material']","['Wire ', 'name']",,"['Copper ', 'full_community_id']",,,"['Bare', ' Uncoated', ' Unalloyed', 'Form']",,"['No. 1 Copper Wire', 'Dimensions']"
174,IS_COMPOSED_OF,"['Druid', 'Dimensions']",['12'],,,"['Nonferrous Scrap - Red Metals', 'Specifications']",,"['not smaller than No. 16 B & S wire gauge (unless smaller wire gauge is mutually agreed upon)', 'Title']","['Wire', 'name']",,"['Copper', 'full_community_id']",,,"['Uncoated', ' unalloyed with various types of insulation', 'Form']",,"['Insulated Copper Wire Scrap', 'Material']"
175,IS_COMPOSED_OF,"['Droid', 'Title']",['10'],,,"['Nonferrous Scrap - Red Metals', 'Specifications']",,,"['Wire ', 'name']",,"['Copper ', 'full_community_id']",,,"['with various types of insulation. To be sold on a sample or recovery basis', ' subject to agreement between buyer and seller. Existence of jelly wire subject to agreement between buyer and seller.', 'Form']",,"['Insulated Copper Wire Scrap', 'Material']"
176,IS_COMPOSED_OF,"['Cobra', 'Title']",['6'],,,"['Nonferrous Scrap - Red Metals', 'Specifications']",,,"['Wire scrap nodules', 'name']",,"['Copper ', 'full_community_id']",,,"['Unalloyed', ' Chopped or shredded. Maximum metal impurities not to exceed 0.50% aluminum and 1% each of other metals or insulation.', 'Form']",,"['No. 2 Copper Wire Nodules', 'Material']"
177,IS_COMPOSED_OF,"['Clove', 'Dimensions']",['5'],,,"['Nonferrous Scrap - Red Metals', 'Specifications']",,"['Gauge smaller than No. 16 B & S wire subject to agreement between buyer and seller', 'Title']","['Wire scrap nodules', 'name']","['Tin', ' Lead', ' Zinc', ' Aluminum', ' Iron', ' Other metallic impurities', ' Insulation', ' other foreign contamination', 'Categorisation']","['[Copper ', 'full_community_id']",,,"['Uncoated', ' Unalloyed', ' Chopped or Shredded', 'Form']",,"['No. 1 Copper Wire Nodules', 'Material']"
178,IS_COMPOSED_OF,"['Cliff', 'Title']",['4'],,,"['Nonferrous Scrap - Red Metals', 'Specifications']",,,"['Miscellaneous Scrap', 'name']","['excessively leaded', ' tinned', ' soldered copper scrap', ' brasses and bronzes; excessive oil content', ' iron', ' non-metallics', ' copper tubing with other than copper connections or with sediment', ' copper wire from burning', ' insulation', ' hair wire', ' brittle burnt wire', ' reasonable free of ash', 'Categorisation']","['Copper ', 'full_community_id']",,,"['Unalloyed', 'Form']",,"['No. 2 Copper Solids and Tubing', 'Material']"
179,IS_COMPOSED_OF,"['Candy', 'Title']",['3'],,,"['Nonferrous Scrap - Red Metals', 'Specifications']",,,"['Clippings', ' punchings', ' bus bars', ' commutator segments', ' copper tubing', 'name']",,"['Copper ', 'full_community_id']",,,"['clean', ' unalloyed', ' uncoated', 'Form']",,"['No. 1 Heavy Copper Solids and Tubing', 'Material']"
180,IS_COMPOSED_OF,"['Birch', 'Title']",['2'],,,"['Nonferrous Scrap - Red Metals', 'Specifications']",,,"['Miscellaneous', ' Wire ', 'name']","['Excessively leaded', ' tinned', ' soldered copper wire; brass and bronze wire; excessive oil content', ' iron', ' non-metallics', ' copper wire from burning', ' insulation', ' hair wire', ' brittle burnt wire', ' reasonable free of ash', 'Categorisation']","['Copper ', 'full_community_id']",,,"['Unalloyed', 'Form']",,"['No. 2 Copper Wire', 'Material']"
181,IS_COMPOSED_OF,"['Barley', 'Title']",['1'],,,"['Nonferrous Scrap - Red Metals', 'Specifications']",,"['Wire gauge subject to agreement between buyer and seller', 'Material']","['Wire and Cable ', 'name']","['Brittle Burnt Wire', ' Copper Tubing ', 'Categorisation']","['Copper ', 'full_community_id']",,,"['Clean', ' Untinned', ' Uncoated', ' Unalloyed', 'Form']",,"['No. 1 Copper Wire', 'Dimensions']"
182,CONTAINS,"['LEAD', 'full_community_id']","['329', 'AtomicNumber']","['207.2', 'Symbol']","['82', 'Density']",,['11.29'],,,,,"['327.5', 'Ar']",,,"['Pb', 'name']",
183,CONTAINS,"['TIN', 'full_community_id']","['326', 'AtomicNumber']","['118.71', 'Symbol']","['50', 'Density']",,['5.75'],,,,,"['231.9', 'Ar']",,,"['Sn', 'name']",
184,CONTAINS,"['ZINC', 'full_community_id']","['328', 'AtomicNumber']","['65.38', 'Symbol']","['30', 'Density']",,['7.13'],,,,,"['419.5', 'Ar']",,,"['Zn', 'name']",
185,CONTAINS,"['COPPER', 'full_community_id']","['319', 'AtomicNumber']","['63.546', 'Symbol']","['29', 'Density']",,['8.96'],,,,,"['1085', 'Ar']",,,"['Cu', 'name']",
186,IS_COMPOSED_OF,"['Niche', 'Title']",['41'],,,"['Nonferrous Scrap - Red Metals', 'Specifications']",,,"['Rod ends and forgings', 'name']",,"['Leaded Brass', 'full_community_id']",,,"['Alloyed with copper', ' zinc and lead. Turnings shall be unmixed and have less than 0.01% alloyed bismuth and silicon each', 'Form']",,"['Leaded Brass Scrap Rod Ends and Forgings', 'Material']"
187,IS_COMPOSED_OF,"['Nascent', 'Title']",['40'],,,"['Nonferrous Scrap - Red Metals', 'Specifications']",,,"['Borings and turnings', 'name']",,"['Leaded Brass', 'full_community_id']",,,"['Alloyed with copper', ' zinc and lead. Turnings shall be unmixed and have less than 0.01% alloyed bismuth and silicon each', 'Form']",,"['Leaded Brass Scrap Turnings', 'Material']"
188,IS_COMPOSED_OF,"['Ecstatic', 'Title']",['15'],,,"['Nonferrous Scrap - Red Metals', 'Specifications']",,,"['Scrap borings and turnings', 'name']",,"['Brass', 'full_community_id']",,,"['Alloyed with copper', ' tin', ' bismuth', ' and zinc. Turnings shall be unmixed and have less than 0.2% alloyed lead or as agreed between buyer and seller. Examples that meet this specification include', ' but are not limited to', ' CDA 89833/35/36/37/41/42 and 45.', 'Form']",,"['Lead-Free Bismuth Brass Turnings', 'Material']"
189,IS_COMPOSED_OF,"['Ebulent', 'Title']",['14'],,,"['Nonferrous Scrap - Red Metals', 'Specifications']",,,"['Scrap castings', 'name']","['leaded brass attachments and have less than 0.2% alloyed lead or as agreed between buyer and seller.', 'Categorisation']","['Brass', 'full_community_id']",,,"['Alloyed with copper', 'tin', ' bismuth', ' and zinc. Examples that meet this pecification include', ' but are not limited to', ' CDA 89833/35/36/37/41/42 and 45.', 'Form']",,"['Lead-Free Bismuth Brass Solids', 'Material']"
190,IS_COMPOSED_OF,"['Parch', 'Title']",['49'],,,"['Nonferrous Scrap - Red Metals', 'Specifications']",,,"['Solids ', 'name']","['Aluminum bronze and silicon bronze.', 'Categorisation']","['Manganese bronze', 'full_community_id']",,,"['Copper content of not less than 55%', ' a lead content of not more than 1%', 'Form']",,"['Manganese Bronze Solids', 'Material']"
191,IS_COMPOSED_OF,"['Palms', 'Title']",['48'],,,"['Nonferrous Scrap - Red Metals', 'Specifications']",,,"['Tubes', 'name']","['Nickel alloy', ' aluminum alloy and corroded material', 'Categorisation']","['Muntz metal ', 'full_community_id']",,,"['Clean', ' sound', ' may be plated or unplated', 'Form']",,"['Muntz Metal Tubes', 'Material']"
192,IS_COMPOSED_OF,"['Niece', 'Title']",['39'],,,"['Nonferrous Scrap - Red Metals', 'Specifications']",,,"['Turnings', 'name']",,"['Nickel Silver', 'full_community_id']",,,"['To be sold by sample or analysis', 'Form']",,"['null', 'Material']"
193,IS_COMPOSED_OF,"['Naggy', 'Title']",['38'],,,"['Nonferrous Scrap - Red Metals', 'Specifications']",,,"['Castings', 'name']",,"['Nickel Silver', 'full_community_id']",,,"['To be packed and sold separately', 'Form']",,"['Nickel Silver Castings', 'Material']"
194,IS_COMPOSED_OF,"['Malic', 'Title']",['36'],,,"['Nonferrous Scrap - Red Metals', 'Specifications']",,,"['Sheet', ' pipe', ' rod', ' tubes', ' wire', ' screen', 'name']","['Foreign substances', ' iron rimmed material and other metals', 'Categorisation']","['Nickel Silver', 'full_community_id']",,,"['Old. Soldered or unsoldered. Must not be trimmed seams alone.', 'Form']",,"['Old Nickel Silver', 'Material']"
195,IS_COMPOSED_OF,"['Malar', 'Title']",['35'],,,"['Nonferrous Scrap - Red Metals', 'Specifications']",,,"['Clippings', 'name']",,"['Nickel Silver', 'full_community_id']",,,"['Shall consist of one specified nickel silver alloy. Not to contain more than 10% of clean punchings under 1/4 inch.', 'Form']",,"['New Segregated Nickel Silver Clippings', 'Material']"
196,IS_COMPOSED_OF,"['Major', 'Title']",['34'],,,"['Nonferrous Scrap - Red Metals', 'Specifications']",,,"['Clippings', ' Plate Rods', ' Forgings', ' Rolled Shapes', 'name']","['Chrome or any other plating material', 'Categorisation']","['Nickel Silver', 'full_community_id']",,,"['New', ' clean. Must be sold on nickel content specifications such as 10%� 12%�15%� 18%�20%. Leaded nickel silver clippings should be packed and sold separately. A description as to its physical characteristics should be made in offering all nickel silver material', 'Form']",,"['New Nickel Silver Clippings and Solids', 'Material']"
197,IS_COMPOSED_OF,"['Maize', 'Title']",['33'],,,"['Nonferrous Scrap - Red Metals', 'Specifications']",,,"['Clippings', 'name']","['chrome or any other plating material', 'Categorisation']","['Nickel Silver', 'full_community_id']",,,"['One or more nickel silver alloys the range of nickel content to be specified. Leaded nickel silver clippings should be packed and sold separately. Not to contain more than 10% of clean punchings under 1/4 inch', 'Form']",,"['Mixed New Nickel Silver Clippings', 'Material']"
198,CONTAINS,"['LEAD', 'full_community_id']","['329', 'AtomicNumber']","['207.2', 'Symbol']","['82', 'Density']",,['11.29'],,,,,"['327.5', 'Ar']",,,"['Pb', 'name']",
199,CONTAINS,"['ZINC', 'full_community_id']","['328', 'AtomicNumber']","['65.38', 'Symbol']","['30', 'Density']",,['7.13'],,,,,"['419.5', 'Ar']",,,"['Zn', 'name']",
200,CONTAINS,"['TIN', 'full_community_id']","['326', 'AtomicNumber']","['118.71', 'Symbol']","['50', 'Density']",,['5.75'],,,,,"['231.9', 'Ar']",,,"['Sn', 'name']",
201,CONTAINS,"['ALUMINUM', 'full_community_id']","['322', 'AtomicNumber']","['26.981539', 'Symbol']","['13', 'Density']",,['2.7'],,,,,"['660.3', 'Ar']",,,"['Al', 'name']",
202,CONTAINS,"['COPPER', 'full_community_id']","['319', 'AtomicNumber']","['63.546', 'Symbol']","['29', 'Density']",,['8.96'],,,,,"['1085', 'Ar']",,,"['Cu', 'name']",
203,IS_COMPOSED_OF,"['Enerv', 'Title']",['19'],,,"['Nonferrous Scrap - Red Metals', 'Specifications']",,,"['Turnings', 'name']",,"['Red Brass', 'full_community_id']",,,"['Should be sold subject to sample or analysis.', 'Form']",,"['Red Brass Composition Turnings', 'Material']"
204,IS_COMPOSED_OF,"['Elder', 'Title']",['17'],,,"['Nonferrous Scrap - Red Metals', 'Specifications']",,,"['Bushings and bearings', 'name']","['iron-backed bearings', 'Categorisation']","['Brass', 'full_community_id']",,,"['from automobiles and other machinery', ' shall contain not less than 12% high tin-base babbitt', 'Form']",,"['null', 'Material']"
205,IS_COMPOSED_OF,"['Ebony', 'Dimensions']",['13'],,,"['Nonferrous Scrap - Red Metals', 'Specifications']",,"['No piece to measure more than 12� over any one part or weigh over 100 lbs.', 'Title']","['Valves', ' machinery bearings and other machinery parts', ' including miscellaneous castings', 'name']","['semi-red brass castings (78% to 81% copper); railroad car boxes and other similar high-lead alloys; cocks and faucets; closed water meters; gates; pot pieces; ingots and burned brass; aluminum', ' silicon', ' and manganese bronzes; iron and non-metallics.', 'Categorisation']","['Red Brass', 'full_community_id']",,,"['Made of copper', ' tin', ' zinc', ' and/or lead', 'Form']",,"['Composition or Red Brass', 'Material']"
206,CONTAINS,"['TIN', 'full_community_id']","['326', 'AtomicNumber']","['118.71', 'Symbol']","['50', 'Density']",,['5.75'],,,,,"['231.9', 'Ar']",,,"['Sn', 'name']",
207,CONTAINS,"['LEAD', 'full_community_id']","['329', 'AtomicNumber']","['207.2', 'Symbol']","['82', 'Density']",,['11.29'],,,,,"['327.5', 'Ar']",,,"['Pb', 'name']",
208,CONTAINS,"['ZINC', 'full_community_id']","['328', 'AtomicNumber']","['65.38', 'Symbol']","['30', 'Density']",,['7.13'],,,,,"['419.5', 'Ar']",,,"['Zn', 'name']",
209,CONTAINS,"['COPPER', 'full_community_id']","['319', 'AtomicNumber']","['63.546', 'Symbol']","['29', 'Density']",,['8.96'],,,,,"['1085', 'Ar']",,,"['Cu', 'name']",
210,IS_COMPOSED_OF,"['Noble', 'Dimensions']",['43'],,,"['Nonferrous Scrap - Red Metals', 'Specifications']",,"['Pieces not larger than 12�', 'Title']","['Rod ends', 'name']","['Turning brass rods or forging rods', ' Muntz metal and naval brass or any other alloys', ' foreign matter', 'Categorisation']","['Yellow brass', 'full_community_id']",,,"['New ', ' clean', ' not to contain more than 0.3% tin and not mode than 0.15% alloyed iron. ', 'Form']",,"['Yellow Brass Rod Ends', 'Material']"
211,IS_COMPOSED_OF,"['Night', 'Title']",['42'],,,"['Nonferrous Scrap - Red Metals', 'Specifications']",,,"['Rod turnings (strictly)', 'name']","['Aluminum', ' manganese', ' composition', ' Tobin and Muntz metal turnings', ' grindings and babbitts', 'Categorisation']","['Yellow brass', 'full_community_id']",,,"['Not to contain over 3% free iron', ' oil or other moisture; to contain not more than 0.30% tin and not more than 0.15% alloyed iron', 'Form']",,"['Yellow Brass Rod Turnings', 'Material']"
212,IS_COMPOSED_OF,"['Nomad', 'Title']",['44'],,,"['Nonferrous Scrap - Red Metals', 'Specifications']",,,"['Turnings', 'name']","['Aluminum', ' manganese and composition turnings', ' grindings and babbitts', 'Categorisation']","['Yellow brass', 'full_community_id']",,,"['Not to contain over 3% of free iron', ' oil or other moisture. To avoid dispute', ' to be sold subject to sample or analysis.', 'Form']",,"['Yellow Brass Turnings', 'Material']"
213,IS_COMPOSED_OF,"['Lark', 'Title']",['32'],,,"['Nonferrous Scrap - Red Metals', 'Specifications']",,,"['Primers', 'name']","['iron', ' excessive dirt', ' corrosion and any other foreign material', 'Categorisation']","['Yellow Brass', 'full_community_id']",,,"['Clean', ' burnt or unburnt', 'Form']",,"['Yellow Brass Primer', 'Material']"
214,IS_COMPOSED_OF,"['Label', 'Title']",['27'],,,"['Nonferrous Scrap - Red Metals', 'Specifications']",,,"['Clippings', ' Cuttings', 'name']","['from foreign substances', ' Muntz metal and naval brass', 'Categorisation']","['Brass', 'full_community_id']",,,"['new unleaded yellow brass sheet or plate', ' to be clean', ' not to contain more than 10% of clean brass punchings under 1/4 inch', 'Form']",,"['New Brass Clipings', 'Material']"
215,IS_COMPOSED_OF,"['Ivory', 'Dimensions']",['26'],,,"['Nonferrous Scrap - Red Metals', 'Specifications']",,"['no piece to measure more than 12 inches over any one part', 'Title']","['Castings in crucible shape ', 'name']","['brass forgings', ' silicon bronze', ' aluminum bronze and manganese bronze', 'Categorisation']",,,,"['not to contain more than 15% nickel plated material', 'Form']",,"['Yellow Brass Castings', 'full_community_id']"
216,IS_COMPOSED_OF,"['Honey', 'Title']",['25'],,,"['Nonferrous Scrap - Red Metals', 'Form']",,,"['Mixed Solids', ' Castings', ' Tubings', ' Rolled', ' Rod', ' Plated', 'name']","['Manganese-bronze', ' aluminumbronze', ' unsweated radiators or radiator parts', ' iron', ' and excessively dirty and corroded materials', ' any type of munitions including', ' but not limited to', ' bullet casings.', 'Categorisation']","['Yellow brass', 'full_community_id']",,,,,"['Yellow Brass Scrap', 'Material']"
217,CONTAINS,"['ZINC', 'full_community_id']","['328', 'AtomicNumber']","['65.38', 'Symbol']","['30', 'Density']",,['7.13'],,,,,"['419.5', 'Ar']",,,"['Zn', 'name']",
218,CONTAINS,"['TIN', 'full_community_id']","['326', 'AtomicNumber']","['118.71', 'Symbol']","['50', 'Density']",,['5.75'],,,,,"['231.9', 'Ar']",,,"['Sn', 'name']",
219,CONTAINS,"['ALUMINUM', 'full_community_id']","['322', 'AtomicNumber']","['26.981539', 'Symbol']","['13', 'Density']",,['2.7'],,,,,"['660.3', 'Ar']",,,"['Al', 'name']",
220,CONTAINS,"['LEAD', 'full_community_id']","['329', 'AtomicNumber']","['207.2', 'Symbol']","['82', 'Density']",,['11.29'],,,,,"['327.5', 'Ar']",,,"['Pb', 'name']",
221,CONTAINS,"['COPPER', 'full_community_id']","['319', 'AtomicNumber']","['63.546', 'Symbol']","['29', 'Density']",,['8.96'],,,,,"['1085', 'Ar']",,,"['Cu', 'name']",
222,CONTAINS,"['COPPER', 'full_community_id']","['319', 'AtomicNumber']","['63.546', 'Symbol']","['29', 'Density']",,['8.96'],,,,,"['1085', 'Ar']",,,"['Cu', 'name']",
223,CONTAINS,"['ALUMINUM', 'full_community_id']","['322', 'AtomicNumber']","['26.981539', 'Symbol']","['13', 'Density']",,['2.7'],,,,,"['660.3', 'Ar']",,,"['Al', 'name']",
224,CONTAINS,"['TIN', 'full_community_id']","['326', 'AtomicNumber']","['118.71', 'Symbol']","['50', 'Density']",,['5.75'],,,,,"['231.9', 'Ar']",,,"['Sn', 'name']",
225,CONTAINS,"['LEAD', 'full_community_id']","['329', 'AtomicNumber']","['207.2', 'Symbol']","['82', 'Density']",,['11.29'],,,,,"['327.5', 'Ar']",,,"['Pb', 'name']",
226,CONTAINS,"['ZINC', 'full_community_id']","['328', 'AtomicNumber']","['65.38', 'Symbol']","['30', 'Density']",,['7.13'],,,,,"['419.5', 'Ar']",,,"['Zn', 'name']",
227,CONTAINS,"['ZINC', 'full_community_id']","['328', 'AtomicNumber']","['65.38', 'Symbol']","['30', 'Density']",,['7.13'],,,,,"['419.5', 'Ar']",,,"['Zn', 'name']",
228,CONTAINS,"['TIN', 'full_community_id']","['326', 'AtomicNumber']","['118.71', 'Symbol']","['50', 'Density']",,['5.75'],,,,,"['231.9', 'Ar']",,,"['Sn', 'name']",
229,CONTAINS,"['COPPER', 'full_community_id']","['319', 'AtomicNumber']","['63.546', 'Symbol']","['29', 'Density']",,['8.96'],,,,,"['1085', 'Ar']",,,"['Cu', 'name']",
230,CONTAINS,"['LEAD', 'full_community_id']","['329', 'AtomicNumber']","['207.2', 'Symbol']","['82', 'Density']",,['11.29'],,,,,"['327.5', 'Ar']",,,"['Pb', 'name']",
231,CONTAINS,"['ALUMINUM', 'full_community_id']","['322', 'AtomicNumber']","['26.981539', 'Symbol']","['13', 'Density']",,['2.7'],,,,,"['660.3', 'Ar']",,,"['Al', 'name']",
232,CONTAINS,"['LEAD', 'full_community_id']","['329', 'AtomicNumber']","['207.2', 'Symbol']","['82', 'Density']",,['11.29'],,,,,"['327.5', 'Ar']",,,"['Pb', 'name']",
233,CONTAINS,"['TIN', 'full_community_id']","['326', 'AtomicNumber']","['118.71', 'Symbol']","['50', 'Density']",,['5.75'],,,,,"['231.9', 'Ar']",,,"['Sn', 'name']",
234,CONTAINS,"['COPPER', 'full_community_id']","['319', 'AtomicNumber']","['63.546', 'Symbol']","['29', 'Density']",,['8.96'],,,,,"['1085', 'Ar']",,,"['Cu', 'name']",
235,CONTAINS,"['ZINC', 'full_community_id']","['328', 'AtomicNumber']","['65.38', 'Symbol']","['30', 'Density']",,['7.13'],,,,,"['419.5', 'Ar']",,,"['Zn', 'name']",
236,CONTAINS,"['COPPER', 'full_community_id']","['319', 'AtomicNumber']","['63.546', 'Symbol']","['29', 'Density']",,['8.96'],,,,,"['1085', 'Ar']",,,"['Cu', 'name']",
237,CONTAINS,"['LEAD', 'full_community_id']","['329', 'AtomicNumber']","['207.2', 'Symbol']","['82', 'Density']",,['11.29'],,,,,"['327.5', 'Ar']",,,"['Pb', 'name']",
238,CONTAINS,"['ZINC', 'full_community_id']","['328', 'AtomicNumber']","['65.38', 'Symbol']","['30', 'Density']",,['7.13'],,,,,"['419.5', 'Ar']",,,"['Zn', 'name']",
239,CONTAINS,"['ALUMINUM', 'full_community_id']","['322', 'AtomicNumber']","['26.981539', 'Symbol']","['13', 'Density']",,['2.7'],,,,,"['660.3', 'Ar']",,,"['Al', 'name']",
240,CONTAINS,"['COPPER', 'full_community_id']","['319', 'AtomicNumber']","['63.546', 'Symbol']","['29', 'Density']",,['8.96'],,,,,"['1085', 'Ar']",,,"['Cu', 'name']",
241,CONTAINS,"['TIN', 'full_community_id']","['326', 'AtomicNumber']","['118.71', 'Symbol']","['50', 'Density']",,['5.75'],,,,,"['231.9', 'Ar']",,,"['Sn', 'name']",
242,CONTAINS,"['ZINC', 'full_community_id']","['328', 'AtomicNumber']","['65.38', 'Symbol']","['30', 'Density']",,['7.13'],,,,,"['419.5', 'Ar']",,,"['Zn', 'name']",
243,CONTAINS,"['LEAD', 'full_community_id']","['329', 'AtomicNumber']","['207.2', 'Symbol']","['82', 'Density']",,['11.29'],,,,,"['327.5', 'Ar']",,,"['Pb', 'name']",
244,CONTAINS,"['LEAD', 'full_community_id']","['329', 'AtomicNumber']","['207.2', 'Symbol']","['82', 'Density']",,['11.29'],,,,,"['327.5', 'Ar']",,,"['Pb', 'name']",
245,CONTAINS,"['TIN', 'full_community_id']","['326', 'AtomicNumber']","['118.71', 'Symbol']","['50', 'Density']",,['5.75'],,,,,"['231.9', 'Ar']",,,"['Sn', 'name']",
246,CONTAINS,"['COPPER', 'full_community_id']","['319', 'AtomicNumber']","['63.546', 'Symbol']","['29', 'Density']",,['8.96'],,,,,"['1085', 'Ar']",,,"['Cu', 'name']",
247,CONTAINS,"['ZINC', 'full_community_id']","['328', 'AtomicNumber']","['65.38', 'Symbol']","['30', 'Density']",,['7.13'],,,,,"['419.5', 'Ar']",,,"['Zn', 'name']",
248,CONTAINS,"['ALUMINUM', 'full_community_id']","['322', 'AtomicNumber']","['26.981539', 'Symbol']","['13', 'Density']",,['2.7'],,,,,"['660.3', 'Ar']",,,"['Al', 'name']",
249,CONTAINS,"['LEAD', 'full_community_id']","['329', 'AtomicNumber']","['207.2', 'Symbol']","['82', 'Density']",,['11.29'],,,,,"['327.5', 'Ar']",,,"['Pb', 'name']",
250,CONTAINS,"['TIN', 'full_community_id']","['326', 'AtomicNumber']","['118.71', 'Symbol']","['50', 'Density']",,['5.75'],,,,,"['231.9', 'Ar']",,,"['Sn', 'name']",
251,CONTAINS,"['COPPER', 'full_community_id']","['319', 'AtomicNumber']","['63.546', 'Symbol']","['29', 'Density']",,['8.96'],,,,,"['1085', 'Ar']",,,"['Cu', 'name']",
252,CONTAINS,"['ZINC', 'full_community_id']","['328', 'AtomicNumber']","['65.38', 'Symbol']","['30', 'Density']",,['7.13'],,,,,"['419.5', 'Ar']",,,"['Zn', 'name']",
253,CONTAINS,"['LEAD', 'full_community_id']","['329', 'AtomicNumber']","['207.2', 'Symbol']","['82', 'Density']",,['11.29'],,,,,"['327.5', 'Ar']",,,"['Pb', 'name']",
254,CONTAINS,"['ZINC', 'full_community_id']","['328', 'AtomicNumber']","['65.38', 'Symbol']","['30', 'Density']",,['7.13'],,,,,"['419.5', 'Ar']",,,"['Zn', 'name']",
255,CONTAINS,"['COPPER', 'full_community_id']","['319', 'AtomicNumber']","['63.546', 'Symbol']","['29', 'Density']",,['8.96'],,,,,"['1085', 'Ar']",,,"['Cu', 'name']",
256,CONTAINS,"['TIN', 'full_community_id']","['326', 'AtomicNumber']","['118.71', 'Symbol']","['50', 'Density']",,['5.75'],,,,,"['231.9', 'Ar']",,,"['Sn', 'name']",
257,CONTAINS,"['ZINC', 'full_community_id']","['328', 'AtomicNumber']","['65.38', 'Symbol']","['30', 'Density']",,['7.13'],,,,,"['419.5', 'Ar']",,,"['Zn', 'name']",
258,CONTAINS,"['ALUMINUM', 'full_community_id']","['322', 'AtomicNumber']","['26.981539', 'Symbol']","['13', 'Density']",,['2.7'],,,,,"['660.3', 'Ar']",,,"['Al', 'name']",
259,CONTAINS,"['TIN', 'full_community_id']","['326', 'AtomicNumber']","['118.71', 'Symbol']","['50', 'Density']",,['5.75'],,,,,"['231.9', 'Ar']",,,"['Sn', 'name']",
260,CONTAINS,"['COPPER', 'full_community_id']","['319', 'AtomicNumber']","['63.546', 'Symbol']","['29', 'Density']",,['8.96'],,,,,"['1085', 'Ar']",,,"['Cu', 'name']",
261,CONTAINS,"['LEAD', 'full_community_id']","['329', 'AtomicNumber']","['207.2', 'Symbol']","['82', 'Density']",,['11.29'],,,,,"['327.5', 'Ar']",,,"['Pb', 'name']",
262,CONTAINS,"['ZINC', 'full_community_id']","['328', 'AtomicNumber']","['65.38', 'Symbol']","['30', 'Density']",,['7.13'],,,,,"['419.5', 'Ar']",,,"['Zn', 'name']",
263,CONTAINS,"['TIN', 'full_community_id']","['326', 'AtomicNumber']","['118.71', 'Symbol']","['50', 'Density']",,['5.75'],,,,,"['231.9', 'Ar']",,,"['Sn', 'name']",
264,CONTAINS,"['ALUMINUM', 'full_community_id']","['322', 'AtomicNumber']","['26.981539', 'Symbol']","['13', 'Density']",,['2.7'],,,,,"['660.3', 'Ar']",,,"['Al', 'name']",
265,CONTAINS,"['LEAD', 'full_community_id']","['329', 'AtomicNumber']","['207.2', 'Symbol']","['82', 'Density']",,['11.29'],,,,,"['327.5', 'Ar']",,,"['Pb', 'name']",
266,CONTAINS,"['COPPER', 'full_community_id']","['319', 'AtomicNumber']","['63.546', 'Symbol']","['29', 'Density']",,['8.96'],,,,,"['1085', 'Ar']",,,"['Cu', 'name']",
267,CONTAINS,"['ALUMINUM', 'full_community_id']","['322', 'AtomicNumber']","['26.981539', 'Symbol']","['13', 'Density']",,['2.7'],,,,,"['660.3', 'Ar']",,,"['Al', 'name']",
268,CONTAINS,"['COPPER', 'full_community_id']","['319', 'AtomicNumber']","['63.546', 'Symbol']","['29', 'Density']",,['8.96'],,,,,"['1085', 'Ar']",,,"['Cu', 'name']",
269,CONTAINS,"['LEAD', 'full_community_id']","['329', 'AtomicNumber']","['207.2', 'Symbol']","['82', 'Density']",,['11.29'],,,,,"['327.5', 'Ar']",,,"['Pb', 'name']",
270,CONTAINS,"['COPPER', 'full_community_id']","['319', 'AtomicNumber']","['63.546', 'Symbol']","['29', 'Density']",,['8.96'],,,,,"['1085', 'Ar']",,,"['Cu', 'name']",
271,CONTAINS,"['COPPER', 'full_community_id']","['319', 'AtomicNumber']","['63.546', 'Symbol']","['29', 'Density']",,['8.96'],,,,,"['1085', 'Ar']",,,"['Cu', 'name']",
272,IS_COMPOSED_OF,"['Scabs', 'Title']",['99'],,,"['Nonferrous Scrap - Zinc', 'Specifications']",,,"['Die castings', 'name']","['Corrosion', 'Categorisation']","['Zinc ', 'full_community_id']",,,"['New or unused', ' clean', ' zinc base die castings. Castings to be unplated', ' unpainted', 'Form']",,"['New Zinc Die Cast Scrap', 'Material']"
273,IS_COMPOSED_OF,"['Scroll', 'Title']",['105'],,,"['Nonferrous Scrap - Zinc', 'Specifications']",,,"['Cast scrap produced from automobile fragmentizers', 'name']",,,,,"['Material to contain about 55% zinc-bearing scrap. Other nonferrous metals such as aluminum', ' stainless steel', ' red metal', ' etc.', ' to be about 40%. Insulated copper wire about 1%. Trash', ' dirt', ' glass', ' rubber', ' oil', ' iron', ' not to exceed 5%.', 'Form']",,"['Unsorted Zing Die Cast Scrap', 'full_community_id']"
274,IS_COMPOSED_OF,"['Scrub', 'Dimensions']",['106'],,,"['Nonferrous Scrap - Zinc', 'Specifications']",,"['Broken pieces under 2� in diameter shall not exceed 10% of the weight of each shipment. Slabs shall not weigh over 100 pounds each.', 'Title']","['Dross in slab', 'name']",,,,,"['Consists only of galvanizers unsweated zinc dross in slab form from hot dip galvanizing (Batch Process) with a minimum zinc content of 92% and shall be free of skimmings and tramp iron. Material from continuous galvanizing operation is not acceptable.', 'Form']",,"['Hot Dip Galvanizers Slab Zinc Dross (Batch Process)', 'full_community_id']"
275,IS_COMPOSED_OF,"['Seal', 'Dimensions']",['108'],,,"['Nonferrous Scrap - Zinc', 'Specifications']",,"['Not weighing in excess of 100 pounds each slab. Broken pieces under 2� in diameter shall not exceed 10% of the weight of each shipment.', 'Title']","['Dross', 'name']","['Skimmings', 'Categorisation']",,,,"['Unsweated zinc dross removed from the top of a continuous line galvanizing bath', ' in slab form with a minimum zinc content of 90%. ', 'Form']",,"['Continuous Line Galvanizing Slab Zinc Top Dross', 'full_community_id']"
276,IS_COMPOSED_OF,"['Scull', 'Title']",['107'],,,"['Nonferrous Scrap - Zinc', 'Specifications']",,,"['Die cast materials in slabs or pigs', 'name']","['Material to be free from drosses and to contain a minimum zinc content of 90%', 'Categorisation']",,,,"['Melted zinc base die cast materials', ' in smooth clean solid slabs or pigs. To contain a maximum of 0.1% nickel and maximum of 1% lead.', 'Form']",,"['Zinc Die Cast Slabs or Pigs', 'full_community_id']"
277,IS_COMPOSED_OF,"['Shelf', 'Dimensions']",['110'],,,"['Nonferrous Scrap - Zinc', 'Specifications']",,"['Weighing not over 75 pounds each mold or mound.', 'Title']","['Skimmings', 'name']","['Corrosion or oxidation', 'Categorisation']",,,,"['Metal skimmed from the top of pot of molten zinc die cast metal. Must be unsweated', ' unfluxed', ' shiny', ' smooth', ' metallic. Should be poured in molds or in small mounds', 'Form']",,"['Prime Zinc Die Cast Dross', 'full_community_id']"
278,IS_COMPOSED_OF,"['Scribe', 'Title']",['104'],,,"['Nonferrous Scrap - Zinc', 'Specifications']",,,"['Fragmentizer Die Cast Scrap', ' As Produced From Automobile Fragmentizers', 'name']","['Dirt', ' oil', ' glass', ' rubber', ' and trash', 'Categorisation']",,,,"['Clean.To contain a maximum of 5% unmeltables such as free iron', ' copper', ' aluminum and other metals', 'Form']",,"['Crushed Clean Sorted Fragmentizer Die Cast Scrap', ' As Produced From Automobile Fragmentizers', 'full_community_id']"
279,IS_COMPOSED_OF,"['Screen', 'Title']",['103'],,,"['Nonferrous Scrap - Zinc', 'Specifications']",,,"['Sheets or stampings ', 'name']","['Corrosion ', 'Categorisation']",,,,"['New pure zinc. To contain no foreign material or attachments.', 'Form']",,"['New Zinc Clippings', 'full_community_id']"
280,IS_COMPOSED_OF,"['Score', 'Title']",['102'],,,"['Nonferrous Scrap - Zinc', 'Specifications']",,,"['Zinc scrap (such as sheets', ' jar lids)', ' castings anti-corrosion plates', 'name']",,,,,"['Clean', ' dry', ' unalloyed. Borings and turnings are not acceptable.Material must not be excessively corroded or oxidized. All foreign attachments and extraneous materials are deductible', 'Form']",,"['Old Zinc Scrap', 'full_community_id']"
281,IS_COMPOSED_OF,"['Scoot', 'Title']",['100'],,,"['Nonferrous Scrap - Zinc', 'Specifications']",,,"['Die castings automotive grilles ', 'name']","['Soldered material', 'Categorisation']","['Zinc ', 'full_community_id']",,,"['Clean', ' old or used. All foreign attachments and extraneous materials are deductible.', 'Form']",,"['Zinc Die Cast Automotive Grilles', 'Material']"
282,IS_COMPOSED_OF,"['Seam', 'Dimensions']",['109'],,,"['Nonferrous Scrap - Zinc', 'Specifications']",,"['Not weighing in excess of 100 pounds each slab. Broken pieces under 2� in diameter shall not exceed 10% of the weight of each shipment.', 'Title']","['Dross', 'name']","['Skimmings', 'Categorisation']",,,,"['Unsweated zinc dross removed from the top of a continuous line galvanizing bath', ' in slab form with a minimum zinc content of 92%. ', 'Form']",,"['Continuous Line Galvanizing Slab Zinc Bottom Dross', 'full_community_id']"
283,IS_COMPOSED_OF,"['Saves', 'Title']",['98'],,,"['Nonferrous Scrap - Zinc', 'Specifications']",,,"['Die castings', 'name']","['Borings', ' turnings', ' dross pieces', ' chunks', ' melted pieces and skimmings', 'Categorisation']","['Zinc', 'full_community_id']",,,"['Miscellaneous old zinc base die castings', ' with or without iron and other foreign attachments. All unmeltables', ' dirt', ' foreign attachments', ' and volatile substances (such as rubber', ' cork', ' plastic', ' grease', ' etc.) are deductible. Material containing in excess of 30% iron will not constitute good delivery.', 'Form']",,"['Old Zinc Die Cast Scrap', 'Material']"
284,IS_COMPOSED_OF,"['220', 'Title']",['179'],,,"['Ferrous Scrap ', 'Specifications']",,,"['Trunings and borings (iron)', 'name']","['Iron borings', ' nonferrous metals in a free state', ' scale', ' or excessive oil', 'Categorisation']","['Wrought Iron or steel', 'full_community_id']",,,"['Clean. May not include badly rusted or corroded stock.', 'Form']",,"['Machine Shop Turnings and Iron Borings', 'Material']"
285,IS_COMPOSED_OF,"['219', 'Title']",['178'],,,"['Ferrous Scrap ', 'Specifications']",,,"['Turnings', 'name']","['Iron borings', ' nonferrous metals in a free state', ' scale', ' or excessive oil', 'Categorisation']","['Wrought Iron or steel', 'full_community_id']",,,"['Clean. May not include badly rusted or corroded stock.', 'Form']",,"['Machine Shop Turnings', 'Material']"
286,IS_COMPOSED_OF,"['222', 'Title']",['181'],,,"['Ferrous Scrap ', 'Specifications']",,,"['Turnings', ' drillings', ' screw cuttings and borings (iron) ', 'name']","['Springy', ' bushy', ' tangled or matted material', ' lumps', ' iron borings', ' nonferrous metals in a free state', ' grindings', ' or excessive oil', 'Categorisation']",,,,"['Clean. May include any such material whether resulting from crushing', ' raking', ' or other processes.', 'Form']",,"['Shoveling Turnings and Iron Borings', 'full_community_id']"
287,IS_COMPOSED_OF,"['221', 'Title']",['180'],,,"['Ferrous Scrap ', 'Specifications']",,,"['Turnings', ' drillings', ' screw cuttings', 'name']","['Springy', ' bushy', ' tangled or matted material', ' lumps', ' iron borings', ' nonferrous metals in a free state', ' grindings', ' or excessive oil', 'Categorisation']",,,,"['Clean. May include any such material whether resulting from crushing', ' raking', ' or other processes.', 'Form']",,"['Shoveling Turnings', 'full_community_id']"
288,IS_COMPOSED_OF,"['217', 'Dimensions']",['176'],,,"['Ferrous Scrap ', 'Specifications']",,"['1/8 inch or over in thickness and weighing not less than 75 pounds per cubic foot', 'Title']",,"['All metal-coated material', 'Categorisation']","['Wrought iron and/or steel ', 'full_community_id']",,,"['Compressed to charging box size', 'name']",,"['Bundled No. 1 Steel', 'Material']"
289,IS_COMPOSED_OF,"['218', 'Dimensions']",['177'],,,"['Ferrous Scrap ', 'Specifications']",,"['1/8 inch and over in thickness and weighing not less than 75 pounds per cubic foot.', 'Title']",,"['All coated material', ' except as found on automobiles', 'Categorisation']","['Wrought iron and/or steel ', 'full_community_id']",,,"['Black or galvanized. Compressed to charging box size. Auto body and fender stock', ' burnt or hand stripped', ' may constitute a maximum of 60 percent by weight. (This percent based on makeup of auto body', ' chassis', ' driveshafts', ' and bumpers.)', 'name']",,"['Bundled No. 2 Steel', 'Material']"
290,IS_COMPOSED_OF,"['205', 'Dimensions']",['163'],,,"['Ferrous Scrap ', 'Specifications']",,"['Maximum size 36 x18 inches', 'Title']",,"['Sheet iron or thin gauged material', 'Categorisation']","['Wrougt iron and steel ', 'full_community_id']",,,"['Black and galvanized. May include all automobile scrap properly prepared.', 'name']",,"['No. 2 Heavy Melting Steel 3 feet x 18 inches', 'Material']"
291,IS_COMPOSED_OF,"['200', 'Dimensions']",['158'],,,"['Ferrous Scrap ', 'Specifications']",,"['1/4 inch and over in thickness. Individual pieces not over 60 x 24 inches (charging box size)', 'Title']",,,"['Wrougt iron and/or steel', 'full_community_id']",,,"['Prepared in a manner to insure compact charging.', 'name']",,"['No. 1 Heavy Melting Steel', 'Material']"
292,IS_COMPOSED_OF,"['203', 'Dimensions']",['161'],,,"['Ferrous Scrap ', 'Specifications']",,"['1/8 inch and over in thickness', 'Title']",,,"['Wrougt iron and steel ', 'full_community_id']",,,"['Black and galvanized. Charging box size to include material not suitable as No. 1 heavy melting steel. Prepared in a manner to insure compact charging.', 'name']",,"['No. 2 Heavy Melting Steel', 'Material']"
293,IS_COMPOSED_OF,"['201', 'Dimensions']",['159'],,,"['Ferrous Scrap ', 'Specifications']",,"['1/4 inch and over in thickness. Individual pieces not over 36 x 18 inches (charging box size)', 'Title']",,,"['Wrougt iron and/or steel', 'full_community_id']",,,"['Prepared in a manner to insure compact charging.', 'name']",,"['No. 1 Heavy Melting Steel 3 feet x 18 inches', 'Material']"
294,IS_COMPOSED_OF,"['206', 'Dimensions']",['164'],,,"['Ferrous Scrap ', 'Specifications']",,"['Maximum size 60 x18 inches', 'Title']",,"['Sheet iron or thin gauged material', 'Categorisation']","['Wrougt iron and steel ', 'full_community_id']",,,"['Black and galvanized. May include all automobile scrap properly prepared.', 'name']",,"['No. 2 Heavy Melting Steel 5 feet x 18 inches', 'Material']"
295,IS_COMPOSED_OF,"['204', 'Dimensions']",['162'],,,"['Ferrous Scrap ', 'Specifications']",,"['Maximum size 36 x18 inches', 'Title']",,,"['Wrougt iron and steel ', 'full_community_id']",,,"['Black and galvanized. May include all automobile scrap properly prepared.', 'name']",,"['No. 2 Heavy Melting Steel', 'Material']"
296,IS_COMPOSED_OF,"['202', 'Dimensions']",['160'],,,"['Ferrous Scrap ', 'Specifications']",,"['1/4 inch and over in thickness. Individual pieces not over 60 x 18 inches (charging box size)', 'Title']",,,"['Wrougt iron and/or steel', 'full_community_id']",,,"['Prepared in a manner to insure compact charging.', 'name']",,"['No. 1 Heavy Melting Steel 5 feet x 18 inches', 'Material']"
297,IS_COMPOSED_OF,"['269', 'Title']",['230'],,,"['Ferrous Scrap - Specially processed Grades to Meet Consumer Requirements - Special Boring Grades', 'Specifications']",,,"['Boring briquettes', 'name']","['Steel and nonferrous material', ' reasonably free of oil', 'Categorisation']","['Cast iron ', 'full_community_id']",,,"['hydraulically compressed into a cohesive solid', ' and having a density of not less than 60 percent', 'Form']",,"['Briquetted Cast Iron Borings', ' Cold Process', 'Material']"
298,IS_COMPOSED_OF,"['268', 'Title']",['229'],,,"['Ferrous Scrap - Specially processed Grades to Meet Consumer Requirements - Special Boring Grades', 'Specifications']",,,"['Borings', 'name']",,"['Cast iron ', 'full_community_id']",,,"['Heated', ' briquetted', ' to a density of approximately 85 percent', ' oil and water content under 1 percent', 'Form']",,"['Briquetted Cast Iron Borings', ' Hot Process', 'Material']"
299,IS_COMPOSED_OF,"['266', 'Title']",['227'],,,"['Ferrous Scrap - Specially processed Grades to Meet Consumer Requirements - Cast Iron Grades', 'Specifications']",,,"['Ingot molds and stools', 'name']",,"['Cast iron ', 'full_community_id']",,,"['Unbroken ', 'Form']",,"['Unbroken Ingot Molds and Stools', 'Material']"
300,IS_COMPOSED_OF,"['258', 'Title']",['219'],,,"['Ferrous Scrap - Specially processed Grades to Meet Consumer Requirements - Cast Iron Grades', 'name']",,,,"['Malleable and steel parts', ' window weights', ' plow points', ' or burnt cast iron', 'Categorisation']",,,,,,"['Stove Plate', ' Clean Cast Iron Stove', 'full_community_id']"
301,IS_COMPOSED_OF,"['271', 'Title']",['232'],,,"['Ferrous Scrap - Specially processed Grades to Meet Consumer Requirements - Special Boring Grades', 'Specifications']",,,"['Borings and drillings ', 'name']","['Steel turnings', ' or chips', ' lumps', ' scale', ' corroded or rusty material', 'Categorisation']","['Cast or malleable iron ', 'full_community_id']",,,"['Nea clean', ' containing not more than 1.5 percent oil', 'Form']",,"['No. 2 Chemical Borings', 'Material']"
302,IS_COMPOSED_OF,"['256', 'Title']",['217'],,,"['Ferrous Scrap - Specially processed Grades to Meet Consumer Requirements - Cast Iron Grades', 'Specifications']",,,"['Stove parts', ' grate bars', ' and miscellaneous burnt iron', 'name']",,"['Burnt cast iron ', 'full_community_id']",,,"['May include sash weights or window weights.', 'Form']",,"['Burnt Iron', 'Material']"
303,IS_COMPOSED_OF,"['255', 'Title']",['216'],,,"['Ferrous Scrap - Specially processed Grades to Meet Consumer Requirements - Cast Iron Grades', 'Form']",,,"['Hammer block or bases', 'name']",,"['Cast iron ', 'full_community_id']",,,,,"['Hammer Block or Bases', 'Material']"
304,IS_COMPOSED_OF,"['265', 'Dimensions']",['226'],,,"['Ferrous Scrap - Specially processed Grades to Meet Consumer Requirements - Cast Iron Grades', 'Specifications']",,"['Maximum size 2 feet x 3 feet x 5 feet', 'Title']","['Ingot molds and stools', 'name']",,"['Cast iron ', 'full_community_id']",,,"['Broken ', 'Form']",,"['Broken Ingot Molds and Stools', 'Material']"
305,IS_COMPOSED_OF,"['257', 'Dimensions']",['218'],,,"['Ferrous Scrap - Specially processed Grades to Meet Consumer Requirements - Cast Iron Grades', 'Specifications']",,"['Dimensions not over 24 inches x 30 inches and no piece over 150 pounds in weight', 'Title']",,,"['Cast iron ', 'full_community_id']",,,"['May include all grades of cast iron except burnt iron.', 'name']",,"['Mixed Cast', 'Material']"
306,IS_COMPOSED_OF,"['267', 'Title']",['228'],,,"['Ferrous Scrap - Specially processed Grades to Meet Consumer Requirements - Special Boring Grades', 'Specifications']",,,"['Borings and drillings ', 'name']","['Steel turnings', ' or chips', ' lumps', ' scale', ' corroded or rusty material', 'Categorisation']","['Cast or malleable iron ', 'full_community_id']",,,"['Containing not more than 1 percent oil', 'Form']",,"['No. 1 Chemical Borings', 'Material']"
307,IS_COMPOSED_OF,"['254', 'Dimensions']",['215'],,,"['Ferrous Scrap - Specially processed Grades to Meet Consumer Requirements - Cast Iron Grades', 'Specifications']",,"['Charging box size or weighing more than 500 pounds', 'Title']",,,"['Cast iron ', 'full_community_id']",,,"['May include cylinders and driving wheel centers. May include steel which does not exceed 10 percent of the casting by weight', 'name']",,"['Heavy Breakable Cast', 'Material']"
308,IS_COMPOSED_OF,"['252', 'Dimensions']",['213'],,,"['Ferrous Scrap - Specially processed Grades to Meet Consumer Requirements - Cast Iron Grades', 'Specifications']",,"['Cupola size', ' not over 24 inches x 30 inches', ' and no piece over 150 pounds in weight', 'Title']","['Columns', ' pipes', ' plates', ' and castings of a miscellaneous nature', ' including automobile blocks and cast iron parts of agricultural and other machinery', 'name']","['Stove plate', ' burnt iron', ' brake shoes or foreign material', 'Categorisation']","['Cast iron ', 'full_community_id']",,,"['Clean ', 'Form']",,"['Cupola Cast', 'Material']"
309,IS_COMPOSED_OF,"['253', 'Dimensions']",['214'],,,"['Ferrous Scrap - Specially processed Grades to Meet Consumer Requirements - Cast Iron Grades', 'Specifications']",,"['Not over 60 inches in length or 30 inches in width', 'Title']",,"['Burnt iron', ' brake shoes', ' or stove plate', 'Categorisation']","['Cast iron ', 'full_community_id']",,,"['Clean', ' suitable for charging into an open hearth furnace without further preparation', 'name']",,"['Charging Box Cast', 'Material']"
310,IS_COMPOSED_OF,"['223', 'Title']",['182'],,,"['Ferrous Scrap ', 'Specifications']",,,"['Borings and drillings ', 'name']","['Steel turnings', ' scale', ' lumps or excessive oil.', 'Categorisation']","['Cast Iron or malleable iron ', 'full_community_id']",,,"['Clean', 'Form']",,"['Iron Borings', 'Material']"
311,IS_COMPOSED_OF,"['215', 'Dimensions']",['174'],,,"['Ferrous Scrap ', 'Specifications']",,"['Weighing not less than 75 pounds per cubic foot', 'Title']","['Cans', 'name']",,"['Tin', 'full_community_id']",,,"['Compressed to charging box size. Processed through a recognized garbage incinerator. ', 'Form']",,"['Incinerator Bundles', 'Material']"
312,IS_COMPOSED_OF,"['216', 'Dimensions']",['175'],,,"['Ferrous Scrap ', 'Specifications']",,"['weighing not less than 75 pounds per cubic foot.', 'Title']","['Plate sheet', ' clippings', ' skeleton ', 'name']",,"['Terne', 'full_community_id']",,,"['Compressed or hand bundled', ' to charging box size. (Hand bundles are tightly secured for handling with a magnet.) May include Stanley balls or mandrel wound bundles or skeleton reels', ' tightly secured.', 'Form']",,"['Terne Plate Bundles', 'Material']"
313,IS_COMPOSED_OF,"['221', 'Title']",['180'],,,"['Ferrous Scrap ', 'Specifications']",,,"['Turnings', ' drillings', ' screw cuttings', 'name']","['Springy', ' bushy', ' tangled or matted material', ' lumps', ' iron borings', ' nonferrous metals in a free state', ' grindings', ' or excessive oil', 'Categorisation']",,,,"['Clean. May include any such material whether resulting from crushing', ' raking', ' or other processes.', 'Form']",,"['Shoveling Turnings', 'full_community_id']"
314,IS_COMPOSED_OF,"['222', 'Title']",['181'],,,"['Ferrous Scrap ', 'Specifications']",,,"['Turnings', ' drillings', ' screw cuttings and borings (iron) ', 'name']","['Springy', ' bushy', ' tangled or matted material', ' lumps', ' iron borings', ' nonferrous metals in a free state', ' grindings', ' or excessive oil', 'Categorisation']",,,,"['Clean. May include any such material whether resulting from crushing', ' raking', ' or other processes.', 'Form']",,"['Shoveling Turnings and Iron Borings', 'full_community_id']"
315,IS_COMPOSED_OF,"['227', 'Title']",['186'],,,"['Ferrous Scrap ', 'Form']",,,"['Turnings', 'name']",,"['Steel', 'full_community_id']",,,,,"['Briquetted Steel Turnings', 'Material']"
316,IS_COMPOSED_OF,"['220', 'Title']",['179'],,,"['Ferrous Scrap ', 'Specifications']",,,"['Trunings and borings (iron)', 'name']","['Iron borings', ' nonferrous metals in a free state', ' scale', ' or excessive oil', 'Categorisation']","['Wrought Iron or steel', 'full_community_id']",,,"['Clean. May not include badly rusted or corroded stock.', 'Form']",,"['Machine Shop Turnings and Iron Borings', 'Material']"
317,IS_COMPOSED_OF,"['219', 'Title']",['178'],,,"['Ferrous Scrap ', 'Specifications']",,,"['Turnings', 'name']","['Iron borings', ' nonferrous metals in a free state', ' scale', ' or excessive oil', 'Categorisation']","['Wrought Iron or steel', 'full_community_id']",,,"['Clean. May not include badly rusted or corroded stock.', 'Form']",,"['Machine Shop Turnings', 'Material']"
318,IS_COMPOSED_OF,"['217', 'Dimensions']",['176'],,,"['Ferrous Scrap ', 'Specifications']",,"['1/8 inch or over in thickness and weighing not less than 75 pounds per cubic foot', 'Title']",,"['All metal-coated material', 'Categorisation']","['Wrought iron and/or steel ', 'full_community_id']",,,"['Compressed to charging box size', 'name']",,"['Bundled No. 1 Steel', 'Material']"
319,IS_COMPOSED_OF,"['218', 'Dimensions']",['177'],,,"['Ferrous Scrap ', 'Specifications']",,"['1/8 inch and over in thickness and weighing not less than 75 pounds per cubic foot.', 'Title']",,"['All coated material', ' except as found on automobiles', 'Categorisation']","['Wrought iron and/or steel ', 'full_community_id']",,,"['Black or galvanized. Compressed to charging box size. Auto body and fender stock', ' burnt or hand stripped', ' may constitute a maximum of 60 percent by weight. (This percent based on makeup of auto body', ' chassis', ' driveshafts', ' and bumpers.)', 'name']",,"['Bundled No. 2 Steel', 'Material']"
320,IS_COMPOSED_OF,"['212', 'Dimensions']",['171'],,,"['Ferrous Scrap ', 'Form']",,"['Material should have an average density of 60 pounds per cubic foot', 'Title']","['Clippings or sheets', 'name']",,"['1000 series carbon steel ', 'full_community_id']",,,,,"['Shredded Clippings', 'Material']"
321,IS_COMPOSED_OF,"['209', 'Dimensions']",['168'],,,"['Ferrous Scrap ', 'Specifications']",,"['Weighing not less than 75 pounds per cubic foot', 'Title']",,,"['Steel', 'full_community_id']",,,"['Old black and galvanized hydraulically compressed to charging box size. May not include tin or lead-coated material or vitreous enameled material.', 'name']",,"['No. 2 Bundles', 'Material']"
322,IS_COMPOSED_OF,"['213', 'Dimensions']",['172'],,,"['Ferrous Scrap ', 'Specifications']",,"['Weighing not less than 75 pounds per cubic foot', 'Title']",,"['Other non-metallics', 'Categorisation']","['Steel', 'full_community_id']",,,"['Scrap compressed to charging box size. Cans may be baled without removal of paper labels. May include up to 5 gallon tin coated containers.', 'name']",,"['Steel Can Bundles', 'Material']"
323,IS_COMPOSED_OF,"['214', 'Dimensions']",['173'],,,"['Ferrous Scrap ', 'Specifications']",,"['Weighing not less than 75 pounds per cubic foot. ', 'Title']","['Sheet', 'name']",,"['Steel', 'full_community_id']",,,"['Compressed to charging box size. May include all coated ferrous scrap not suitable for inclusion in No. 2 bundles', 'Form']",,"['No. 3 Bundles', 'Material']"
324,IS_COMPOSED_OF,"['201', 'Dimensions']",['159'],,,"['Ferrous Scrap ', 'Specifications']",,"['1/4 inch and over in thickness. Individual pieces not over 36 x 18 inches (charging box size)', 'Title']",,,"['Wrougt iron and/or steel', 'full_community_id']",,,"['Prepared in a manner to insure compact charging.', 'name']",,"['No. 1 Heavy Melting Steel 3 feet x 18 inches', 'Material']"
325,IS_COMPOSED_OF,"['205', 'Dimensions']",['163'],,,"['Ferrous Scrap ', 'Specifications']",,"['Maximum size 36 x18 inches', 'Title']",,"['Sheet iron or thin gauged material', 'Categorisation']","['Wrougt iron and steel ', 'full_community_id']",,,"['Black and galvanized. May include all automobile scrap properly prepared.', 'name']",,"['No. 2 Heavy Melting Steel 3 feet x 18 inches', 'Material']"
326,IS_COMPOSED_OF,"['202', 'Dimensions']",['160'],,,"['Ferrous Scrap ', 'Specifications']",,"['1/4 inch and over in thickness. Individual pieces not over 60 x 18 inches (charging box size)', 'Title']",,,"['Wrougt iron and/or steel', 'full_community_id']",,,"['Prepared in a manner to insure compact charging.', 'name']",,"['No. 1 Heavy Melting Steel 5 feet x 18 inches', 'Material']"
327,IS_COMPOSED_OF,"['204', 'Dimensions']",['162'],,,"['Ferrous Scrap ', 'Specifications']",,"['Maximum size 36 x18 inches', 'Title']",,,"['Wrougt iron and steel ', 'full_community_id']",,,"['Black and galvanized. May include all automobile scrap properly prepared.', 'name']",,"['No. 2 Heavy Melting Steel', 'Material']"
328,IS_COMPOSED_OF,"['207', 'Dimensions']",['165'],,,"['Ferrous Scrap ', 'Specifications']",,"['Maximum size 2 feet by 5 feet', 'Title']","['Sheet', ' clippings', ' stampings etc. ', 'name']","['Metal coated', ' limed', ' vitreous enameled', ' and electrical sheet containing over 0.5 percent silicon.', 'Categorisation']","['Steel', 'full_community_id']",,,"['Clean steel scrap', ' including new factory busheling (for example', ' sheet clippings', ' stampings', ' etc.). May not include old auto body and fender stock.', 'Form']",,"['No. 1 Busheling', 'Material']"
329,IS_COMPOSED_OF,"['208', 'Dimensions']",['167'],,,"['Ferrous Scrap ', 'Specifications']",,"['Weighing not less than 75 pounds per cubic foot.', 'Title']","['Sheet', ' clippings or skeleton ', 'name']","['Metal coated', ' limed', ' vitreous enameled', ' and electrical sheet containing over 0.5 percent silicon', 'Categorisation']","['Black steel ', 'full_community_id']",,,"['Compressed or hand bundled', ' to charging box size. (Hand bundles are tightly secured for handling with a magnet.) May include Stanley balls or mandrel wound bundles or skeleton reels', ' tightly secured. May include chemically detinned material. May not include old auto body or fender stock.', 'Form']",,"['No. 1 Bundles', 'Material']"
330,IS_COMPOSED_OF,"['211', 'Dimensions']",['170'],,,"['Ferrous Scrap ', 'Specifications']",,"['Average density 70 pounds per cubic foot.', 'Title']",,,"['Iron and Steel ', 'full_community_id']",,,"['Homogeneous', ' magnetically separated', ' originating from automobiles', ' unprepared No. 1 and No. 2 steel', ' miscellaneous baling and sheet scrap.', 'name']",,"['Shredded Scrap', 'Material']"
331,IS_COMPOSED_OF,"['200', 'Dimensions']",['158'],,,"['Ferrous Scrap ', 'Specifications']",,"['1/4 inch and over in thickness. Individual pieces not over 60 x 24 inches (charging box size)', 'Title']",,,"['Wrougt iron and/or steel', 'full_community_id']",,,"['Prepared in a manner to insure compact charging.', 'name']",,"['No. 1 Heavy Melting Steel', 'Material']"
332,IS_COMPOSED_OF,"['206', 'Dimensions']",['164'],,,"['Ferrous Scrap ', 'Specifications']",,"['Maximum size 60 x18 inches', 'Title']",,"['Sheet iron or thin gauged material', 'Categorisation']","['Wrougt iron and steel ', 'full_community_id']",,,"['Black and galvanized. May include all automobile scrap properly prepared.', 'name']",,"['No. 2 Heavy Melting Steel 5 feet x 18 inches', 'Material']"
333,IS_COMPOSED_OF,"['210', 'Dimensions']",['169'],,,"['Ferrous Scrap ', 'Specifications']",,"['Average density 50 pounds per cubic foot.', 'Title']",,,"['Iron and Steel ', 'full_community_id']",,,"['Homogeneous', ' magnetically separated', ' originating from automobiles', ' unprepared No. 1 and No. 2 steel', ' miscellaneous baling and sheet scrap.', 'name']",,"['Shredded Scrap', 'Material']"
334,IS_COMPOSED_OF,"['203', 'Dimensions']",['161'],,,"['Ferrous Scrap ', 'Specifications']",,"['1/8 inch and over in thickness', 'Title']",,,"['Wrougt iron and steel ', 'full_community_id']",,,"['Black and galvanized. Charging box size to include material not suitable as No. 1 heavy melting steel. Prepared in a manner to insure compact charging.', 'name']",,"['No. 2 Heavy Melting Steel', 'Material']"
335,IS_COMPOSED_OF,"['Ultra', 'Title']",['142'],,,"['Nonferrous Scrap - Nickel/Stainless/Hi Temp', 'Specifications']",,,"['Turnings', 'name']","['Nonferrous metals', ' nonmetallics', ' excessive iron', ' oil and other contaminants.', 'Categorisation']","['Stainless Steel', 'full_community_id']",,,"['Consist of clean 18-8 type stainless steel turnings containing a minimum 7% nickel and 16% chrome', 'Form']",,"['Stainless Steel Turnings', 'Material']"
336,IS_COMPOSED_OF,"['Sabot', 'Title']",['141'],,,"['Nonferrous Scrap - Nickel/Stainless/Hi Temp', 'Specifications']",,,"['Clips and Solids ', 'name']","['Harmful contaminants', 'Categorisation']","['Stainless Steel', 'full_community_id']",,,"['Consist of clean 18-8 type stainless steel clips and solids containing a minimum 7% nickel', ' 16% chrome', ' and have a maximum of .50% molybdenum', ' .50% copper', ' .045% phosphorous', ' and .03% sulfur', 'Form']",,"['Stainless Steel Scrap', 'Material']"
337,IS_COMPOSED_OF,"['Pekoe', 'Title']",['140'],,,"['Nonferrous Scrap - Nickel/Stainless/Hi Temp', 'Specifications']",,,"['Scrap Solids ', 'name']","['Foreign attachments and other contamination.', 'Categorisation']","['Stainless Steel', 'full_community_id']",,,"['Consist of all types of clean AISI Series Stainless Steel Scrap Solids', ' which contain a maximum of .5% copper', 'Form']",,"['200 Series Stainless Steel Scrap Solids', 'Material']"
338,IS_COMPOSED_OF,"['222', 'Title']",['181'],,,"['Ferrous Scrap ', 'Specifications']",,,"['Turnings', ' drillings', ' screw cuttings and borings (iron) ', 'name']","['Springy', ' bushy', ' tangled or matted material', ' lumps', ' iron borings', ' nonferrous metals in a free state', ' grindings', ' or excessive oil', 'Categorisation']",,,,"['Clean. May include any such material whether resulting from crushing', ' raking', ' or other processes.', 'Form']",,"['Shoveling Turnings and Iron Borings', 'full_community_id']"
339,IS_COMPOSED_OF,"['226', 'Title']",['185'],,,"['Ferrous Scrap ', 'Form']",,,"['Borings', 'name']",,"['Iron', 'full_community_id']",,,,,"['Briquetted Iron Borings', 'Material']"
340,IS_COMPOSED_OF,"['220', 'Title']",['179'],,,"['Ferrous Scrap ', 'Specifications']",,,"['Trunings and borings (iron)', 'name']","['Iron borings', ' nonferrous metals in a free state', ' scale', ' or excessive oil', 'Categorisation']","['Wrought Iron or steel', 'full_community_id']",,,"['Clean. May not include badly rusted or corroded stock.', 'Form']",,"['Machine Shop Turnings and Iron Borings', 'Material']"
341,IS_COMPOSED_OF,"['211', 'Dimensions']",['170'],,,"['Ferrous Scrap ', 'Specifications']",,"['Average density 70 pounds per cubic foot.', 'Title']",,,"['Iron and Steel ', 'full_community_id']",,,"['Homogeneous', ' magnetically separated', ' originating from automobiles', ' unprepared No. 1 and No. 2 steel', ' miscellaneous baling and sheet scrap.', 'name']",,"['Shredded Scrap', 'Material']"
342,IS_COMPOSED_OF,"['210', 'Dimensions']",['169'],,,"['Ferrous Scrap ', 'Specifications']",,"['Average density 50 pounds per cubic foot.', 'Title']",,,"['Iron and Steel ', 'full_community_id']",,,"['Homogeneous', ' magnetically separated', ' originating from automobiles', ' unprepared No. 1 and No. 2 steel', ' miscellaneous baling and sheet scrap.', 'name']",,"['Shredded Scrap', 'Material']"
343,IS_COMPOSED_OF,"['Wafer', 'Title']",['111'],,,"['Nonferrous Scrap - Magnesium', 'Specifications']",,,"['Clips', 'name']","['Copper', ' aluminum', ' zinc flashings and excessive oild and grease', ' foreign attachments', 'Categorisation']","['Magnesium ', 'full_community_id']",,,"['Clean', ' be in crucible size ', 'Form']",,"['Magnesium Clips', 'Material']"
344,IS_COMPOSED_OF,"['Wine', 'Title']",['113'],,,"['Nonferrous Scrap - Magnesium', 'Specifications']",,,"['Engraver plates ', 'name']","['Copper', ' aluminum', ' zinc', ' and electrotype plates', ' foreign attachments', 'Categorisation']","['Magnesium ', 'full_community_id']",,,"['Clean ', 'Form']",,"['Magnesium Engraver Plates', 'Material']"
345,IS_COMPOSED_OF,"['Wood', 'Title']",['114'],,,"['Nonferrous Scrap - Magnesium', 'Specifications']",,,"['Dockboards', 'name']","['Foreign attachments', 'Categorisation']","['Magnesium ', 'full_community_id']",,,"['Clean', ' cut or broken ', 'Form']",,"['Magnesium Dockboards', 'Material']"
346,IS_COMPOSED_OF,"['Walnut', 'Title']",['112'],,,"['Nonferrous Scrap - Magnesium', 'Form']",,,"['Castings', ' engine blocks', ' transmission casings', ' bomber and car wheels', ' extrusions and sheet', 'name']","['Brass', ' copper insers foreign attachments', ' anodes', ' hollow castings and explosives ', 'Categorisation']","['Magnesium ', 'full_community_id']",,,,,"['Magnesium Scrap', 'Material']"
347,IS_COMPOSED_OF,"['World', 'Title']",['115'],,,"['Nonferrous Scrap - Magnesium', 'Form']",,,"['Turnings', 'name']",,"['Magnesium ', 'full_community_id']",,,,,"['Magnesium Turnings', 'Material']"
348,IS_COMPOSED_OF,"['Burly', 'Title']",['127'],,,"['Nonferrous Scrap - Nickel/Stainless/Hi Temp', 'Specifications']",,,"['Sheet', ' plate', ' bar', ' tube', ' other solids ', 'name']","['Castings', ' soldered', ' brazed', ' sweated', ' or painted material', ' other metallic coating', ' foreign attachments', ' or any other contamination.', 'Categorisation']",,,,"['Old and/or new. Material to contain a minimum of 98% nickel; Copper maximum 0.50%.', 'Form']",,"['Old Nickel Scrap', 'full_community_id']"
349,IS_COMPOSED_OF,"['Aroma', 'Title']",['126'],,,"['Nonferrous Scrap - Nickel/Stainless/Hi Temp', 'Specifications']",,,"['Sheet', ' plate', ' bar', ' tube', ' other solids ', 'name']","['Castings', ' as well as any foreign attachments or other contamination.', 'Categorisation']","['Wrought nickel ', 'full_community_id']",,,"['Clean. Nickel minimum 99%; Cobalt maximum 0.25%; Copper maximum 0.50%.', 'Form']",,"['New Nickel Scrap', 'Material']"
350,IS_COMPOSED_OF,"['Decoy', 'Title']",['130'],,,"['Nonferrous Scrap - Nickel/Stainless/Hi Temp', 'Specifications']",,,"['Spinnings', ' turnings', ' or borings', 'name']",,"['Cupro nickel ', 'full_community_id']",,,"['Clean', ' segregated (normally accepted analysis grades) either 70/30', ' 80/20', ' 90/10 cupro nickel spinnings', ' turnings', ' or borings.', 'Form']",,"['Cupro Nickel Spinnings', ' Turnings', ' Borings', 'Material']"
351,IS_COMPOSED_OF,"['Delta', 'Title']",['131'],,,"['Nonferrous Scrap - Nickel/Stainless/Hi Temp', 'Specifications']",,,"['Solids ', 'name']","['Trimmed seams and edges and all other contamination.', 'Categorisation']","['Cupro nickel ', 'full_community_id']",,,"['Consist of segregated (normally accepted analysis grades) either 70/30', ' 80/20', ' 90/10 cupro nickel solids', ' soldered', ' brazed', ' or sweated material.', 'Form']",,"['Soldered Cupro Nickel Solids', 'Material']"
352,IS_COMPOSED_OF,"['Dandy', 'Title']",['128'],,,"['Nonferrous Scrap - Nickel/Stainless/Hi Temp', 'Specifications']",,,"['Tube', ' pipe', ' sheet', ' plate or other wrought solids ', 'name']","['Foreign attachments or any other contamination', 'Categorisation']","['Cupro nickel ', 'full_community_id']",,,"['Clean', ' new', ' segregated (normally accepted analysis grades) either 70/30', ' 80/20', ' or 90/10 cupro nickel tube', ' pipe', ' sheet', ' plate', ' or other wrought solid forms.', 'Form']",,"['New Cupro Nickel Clips and Solids', 'Material']"
353,IS_COMPOSED_OF,"['Daunt', 'Title']",['129'],,,"['Nonferrous Scrap - Nickel/Stainless/Hi Temp', 'Specifications']",,,"['Tube', ' pipe', ' sheet', ' plate or other wrought solids ', 'name']","['Foreign attachments and all other contamination.', 'Categorisation']","['Cupro nickel ', 'full_community_id']",,,"['Old', ' and/or new', ' segregated (normally accepted analysis grades) either 70/30', ' 80/20', ' 90/10 cupro nickel tube', ' pipe', ' sheet', ' plate', ' or other wrought solid forms. Maximum 2% sediment allowable.', 'Form']",,"['Cupro Nickel Solids', 'Material']"
354,IS_COMPOSED_OF,"['Depth', 'Title']",['132'],,,"['Nonferrous Scrap - Nickel/Stainless/Hi Temp', 'Specifications']",,,"['Miscellaneous scrap (e.g. peelings', ' plating racks', ' hangers)', 'name']",,"['Copper/Nickel ', 'full_community_id']",,,"['Consist of miscellaneous scrap in which the basic elements', ' by weight', ' are nickel and copper', ' such as copper nickel peelings', ' plating racks', ' and hangers', ' and all nickel and copper in attached or combined form. In all cases', ' miscellaneous nickel copper scrap should be sold by description and analysis.', 'Form']",,"['null', 'Material']"
355,IS_COMPOSED_OF,"['Lemon', 'Title']",['138'],,,"['Nonferrous Scrap - Nickel/Stainless/Hi Temp', 'Specifications']",,,"['Castings', 'name']","['Foreign attachments or any other contamination', 'Categorisation']","['Monel ', 'full_community_id']",,,"['Shall consist of various types of clean Monel castings', ' assaying minimum 60% nickel.', 'Form']",,"['Monel Castings', 'Material']"
356,IS_COMPOSED_OF,"['Lemur', 'Title']",['139'],,,"['Nonferrous Scrap - Nickel/Stainless/Hi Temp', 'Specifications']",,,"['Turnings', 'name']",,"['Monel ', 'full_community_id']",,,"['Shall consist of mixed Monel turnings and borings containing a minimum of 60% nickel content', ' on a dry basis.', 'Form']",,"['Monel Turnings', 'Material']"
357,IS_COMPOSED_OF,"['House', 'Title']",['134'],,,"['Nonferrous Scrap - Nickel/Stainless/Hi Temp', 'Specifications']",,,"['Solids and Clippings', 'name']","['Foreign attachments or all other contamination.', 'Categorisation']","['R-Monel/K-Monel', 'full_community_id']",,,"['New', ' clean R and K-monel solids and clippings ', 'Form']",,"['New Mixed Monel Solids and Clippings', 'Material']"
358,IS_COMPOSED_OF,"['Ideal', 'Title']",['135'],,,"['Nonferrous Scrap - Nickel/Stainless/Hi Temp', 'Specifications']",,,"['Solids (e.g. sheet', ' plate', ' pipe', ' rods', ' forgings', ' screen and wire cloth)', 'name']","['Soldered', ' brazed', ' welded', ' or sweated material', ' cast material', ' foreign attachments', ' and all other contamination', 'Categorisation']","['R-Monel/K-Monel', 'full_community_id']",,,"['Clean', 'Form']",,"['Old Monel Sheet and Solids', 'Material']"
359,IS_COMPOSED_OF,"['Junto', 'Title']",['137'],,,"['Nonferrous Scrap - Nickel/Stainless/Hi Temp', 'Specifications']",,,"['Solids', 'name']","['Trimmed seams and edges', ' non-metallic filling', ' foreign attachments', ' and all other contamination.', 'Categorisation']","['Monel ', 'full_community_id']",,,"['Consist of soldered and/or brazed miscellaneous grades of Monel alloys in either wrought or cast form.', 'Form']",,"['Soldered Monel Sheet and Solids', 'Material']"
360,IS_COMPOSED_OF,"['Indian', 'Title']",['136'],,,"['Nonferrous Scrap - Nickel/Stainless/Hi Temp', 'Specifications']",,,"['Solids', 'name']",,"['K-Monel', 'full_community_id']",,,"['Clean ', 'Form']",,"['K-Monel Solids', 'Material']"
361,IS_COMPOSED_OF,"['Hitch', 'Title']",['133'],,,"['Nonferrous Scrap - Nickel/Stainless/Hi Temp', 'Specifications']",,,"['Sheet', ' plate', ' bar', ' rod', ' tube', ' pipe', ' other wrought scrap ', 'name']","['Foreign attachments or all other contamination.', 'Categorisation']","['R-Monel', 'full_community_id']",,,"['Clean', ' new', ' R-Monel sheet', ' plate', ' bar', ' rod', ' tube', ' pipe', ' or any other wrought scrap. ', 'Form']",,"['New R-Monel Clippings and Solids', 'Material']"
362,IS_COMPOSED_OF,"['Hitch', 'Title']",['133'],,,"['Nonferrous Scrap - Nickel/Stainless/Hi Temp', 'Specifications']",,,"['Sheet', ' plate', ' bar', ' rod', ' tube', ' pipe', ' other wrought scrap ', 'name']","['Foreign attachments or all other contamination.', 'Categorisation']","['R-Monel', 'full_community_id']",,,"['Clean', ' new', ' R-Monel sheet', ' plate', ' bar', ' rod', ' tube', ' pipe', ' or any other wrought scrap. ', 'Form']",,"['New R-Monel Clippings and Solids', 'Material']"
363,IS_COMPOSED_OF,"['Indian', 'Title']",['136'],,,"['Nonferrous Scrap - Nickel/Stainless/Hi Temp', 'Specifications']",,,"['Solids', 'name']",,"['K-Monel', 'full_community_id']",,,"['Clean ', 'Form']",,"['K-Monel Solids', 'Material']"
