,Relationship,Categorisation_source,Dimensions_source,Form_source,Free_of_source,Material_source,Specifications_source,Title_source,full_community_id_source,name_source,Ar_target,AtomicNumber_target,Category_target,Density_target,EDescription_target,GDescription_target,MeltingPoint_target,Series_target,Symbol_target,full_community_id_target,name_target
0,IS_COMPOSED_OF,Nonferrous Scrap - Red Metals,No. 1 Copper Wire,Bare,,Wire gauge subject to agreement between buyer and seller,Nonferrous Scrap - Red Metals,Berry,Copper ,Wire ,,,,,,,,,,COPPER,COPPER
1,IS_PROCESSED_WITH,Nonferrous Scrap - Red Metals,No. 1 Copper Wire,Bare,,Wire gauge subject to agreement between buyer and seller,Nonferrous Scrap - Red Metals,Berry,Copper ,Wire ,,,,,,,,,,Pyrometallurgical,Pyrometallurgical
2,IS_EQUIVALENT_TO,Nonferrous Scrap - Red Metals,No. 1 Copper Wire,Bare,,Wire gauge subject to agreement between buyer and seller,Nonferrous Scrap - Red Metals,Berry,Copper ,Wire ,,,COPPER SCRAP MILLBERRY CABLES FOR STRIP.,,Non-Ferrous,COPPER SCRAP MILLBERRY CABLES FOR STRIP.,,,,40014,ΣΚΡΑΠ ΚΑΛΩΔΙΩΝ ΧΑΛΚΟΥ Α ΠΡΟΣ ΑΠΟΦΛ.(ΥΛΗ)
3,IS_EQUIVALENT_TO,Nonferrous Scrap - Red Metals,No. 1 Copper Wire,Bare,,Wire gauge subject to agreement between buyer and seller,Nonferrous Scrap - Red Metals,Berry,Copper ,Wire ,,,COPPER SCRAP MILLBERRY AS PER ISRI,,Non-Ferrous,COPPER SCRAP MILLBERRY AS PER ISRI,,,,50018,ΣΚΡΑΠ ΧΑΛΚΟΥ Α1
4,IS_PROCESSED_WITH,Brittle Burnt Wire,No. 1 Copper Wire,Clean,Brittle Burnt Wire,Wire gauge subject to agreement between buyer and seller,Nonferrous Scrap - Red Metals,Barley,Copper ,Wire and Cable ,,,,,,,,,,Pyrometallurgical,Pyrometallurgical
5,IS_COMPOSED_OF,Brittle Burnt Wire,No. 1 Copper Wire,Clean,Brittle Burnt Wire,Wire gauge subject to agreement between buyer and seller,Nonferrous Scrap - Red Metals,Barley,Copper ,Wire and Cable ,,,,,,,,,,COPPER,COPPER
6,IS_EQUIVALENT_TO,Excessively leaded,,Unalloyed,Excessively leaded,No. 2 Copper Wire,Nonferrous Scrap - Red Metals,Birch,Copper ,Miscellaneous,,,COPPER SCRAP BIRCH FROM STRIPPING,,,COPPER SCRAP BIRCH FROM STRIPPING,,,,60004,Non-Ferrous
7,IS_EQUIVALENT_TO,Excessively leaded,,Unalloyed,Excessively leaded,No. 2 Copper Wire,Nonferrous Scrap - Red Metals,Birch,Copper ,Miscellaneous,,,COPPER SCRAP BIRCH CABLES FOR STRIPPING,,Non-Ferrous,COPPER SCRAP BIRCH CABLES FOR STRIPPING,,,,40015,ΣΚΡΑΠ ΚΑΛΩΔΙΩΝ ΧΑΛΚΟΥ Β ΠΡΟΣ ΑΠΟΦΛ.(ΥΛΗ)
8,IS_PROCESSED_WITH,Excessively leaded,,Unalloyed,Excessively leaded,No. 2 Copper Wire,Nonferrous Scrap - Red Metals,Birch,Copper ,Miscellaneous,,,,,,,,,,Pyrometallurgical,Pyrometallurgical
9,IS_COMPOSED_OF,Excessively leaded,,Unalloyed,Excessively leaded,No. 2 Copper Wire,Nonferrous Scrap - Red Metals,Birch,Copper ,Miscellaneous,,,,,,,,,,COPPER,COPPER
10,IS_EQUIVALENT_TO,Nonferrous Scrap - Red Metals,,clean,,No. 1 Heavy Copper Solids and Tubing,Nonferrous Scrap - Red Metals,Candy,Copper ,Clippings,,,COPPER SCRAP NEW CANDY,,Non-Ferrous,COPPER SCRAP NEW CANDY,,,,50020,ΣΚΡΑΠ ΧΑΛΚΟΥ Α2
11,IS_EQUIVALENT_TO,Nonferrous Scrap - Red Metals,,clean,,No. 1 Heavy Copper Solids and Tubing,Nonferrous Scrap - Red Metals,Candy,Copper ,Clippings,,,COPPER SCRAP NEW CANDY(E),,,COPPER SCRAP NEW CANDY(E),,,,50134,Non-Ferrous
12,IS_PROCESSED_WITH,Nonferrous Scrap - Red Metals,,clean,,No. 1 Heavy Copper Solids and Tubing,Nonferrous Scrap - Red Metals,Candy,Copper ,Clippings,,,,,,,,,,Pyrometallurgical,Pyrometallurgical
13,IS_COMPOSED_OF,Nonferrous Scrap - Red Metals,,clean,,No. 1 Heavy Copper Solids and Tubing,Nonferrous Scrap - Red Metals,Candy,Copper ,Clippings,,,,,,,,,,COPPER,COPPER
14,IS_PROCESSED_WITH,excessively leaded,,Unalloyed,excessively leaded,No. 2 Copper Solids and Tubing,Nonferrous Scrap - Red Metals,Cliff,Copper ,Miscellaneous Scrap,,,,,,,,,,Pyrometallurgical,Pyrometallurgical
15,IS_COMPOSED_OF,excessively leaded,,Unalloyed,excessively leaded,No. 2 Copper Solids and Tubing,Nonferrous Scrap - Red Metals,Cliff,Copper ,Miscellaneous Scrap,,,,,,,,,,COPPER,COPPER
16,IS_EQUIVALENT_TO,Tin,Clove,Uncoated,Tin,No. 1 Copper Wire Nodules,Nonferrous Scrap - Red Metals,Gauge smaller than No. 16 B & S wire subject to agreement between buyer and seller,[Copper ,Wire scrap nodules,,,COPPER  CLOVE AS PER ISRI  FROM PROD,,,COPPER  CLOVE AS PER ISRI  FROM PROD,,,,60100,Non-Ferrous
17,IS_EQUIVALENT_TO,Tin,Clove,Uncoated,Tin,No. 1 Copper Wire Nodules,Nonferrous Scrap - Red Metals,Gauge smaller than No. 16 B & S wire subject to agreement between buyer and seller,[Copper ,Wire scrap nodules,,,COPPER SCRAP CLOVE AS PER ISRI (A1),,Non-Ferrous,COPPER SCRAP CLOVE AS PER ISRI (A1),,,,50019,ΣΚΡΑΠ ΧΑΛΚΟΥ A1 ΤΡΙΜΜΑ
18,IS_EQUIVALENT_TO,Tin,Clove,Uncoated,Tin,No. 1 Copper Wire Nodules,Nonferrous Scrap - Red Metals,Gauge smaller than No. 16 B & S wire subject to agreement between buyer and seller,[Copper ,Wire scrap nodules,,,COPPER SCRAP CLOVE AS PER ISRI (A2),,Non-Ferrous,COPPER SCRAP CLOVE AS PER ISRI (A2),,,,50021,ΣΚΡΑΠ ΧΑΛΚΟΥ Α2 ΤΡΙΜΜΑ
19,IS_PROCESSED_WITH,Tin,Clove,Uncoated,Tin,No. 1 Copper Wire Nodules,Nonferrous Scrap - Red Metals,Gauge smaller than No. 16 B & S wire subject to agreement between buyer and seller,[Copper ,Wire scrap nodules,,,,,,,,,,Pyrometallurgical,Pyrometallurgical
20,IS_COMPOSED_OF,Tin,Clove,Uncoated,Tin,No. 1 Copper Wire Nodules,Nonferrous Scrap - Red Metals,Gauge smaller than No. 16 B & S wire subject to agreement between buyer and seller,[Copper ,Wire scrap nodules,,,,,,,,,,COPPER,COPPER
21,IS_EQUIVALENT_TO,Nonferrous Scrap - Red Metals,,Unalloyed,,No. 2 Copper Wire Nodules,Nonferrous Scrap - Red Metals,Cobra,Copper ,Wire scrap nodules,,,COPPER COBRA AS PER ISRI FROM PRODUCTION,,,COPPER COBRA AS PER ISRI FROM PRODUCTION,,,,60097,Non-Ferrous
22,IS_EQUIVALENT_TO,Nonferrous Scrap - Red Metals,,Unalloyed,,No. 2 Copper Wire Nodules,Nonferrous Scrap - Red Metals,Cobra,Copper ,Wire scrap nodules,,,COPPER SCRAP COBRA AS PER ISRI,,Non-Ferrous,COPPER SCRAP COBRA AS PER ISRI,,,,50027,ΣΚΡΑΠ ΧΑΛΚΟΥ B2 ΤΡΙΜΜΑ
23,IS_PROCESSED_WITH,Nonferrous Scrap - Red Metals,,Unalloyed,,No. 2 Copper Wire Nodules,Nonferrous Scrap - Red Metals,Cobra,Copper ,Wire scrap nodules,,,,,,,,,,Pyrometallurgical,Pyrometallurgical
24,IS_COMPOSED_OF,Nonferrous Scrap - Red Metals,,Unalloyed,,No. 2 Copper Wire Nodules,Nonferrous Scrap - Red Metals,Cobra,Copper ,Wire scrap nodules,,,,,,,,,,COPPER,COPPER
25,IS_PROCESSED_WITH,Excessive insulation and other non-metallics,,Unalloyed,Excessive insulation and other non-metallics,Copper Wire Nodules,Nonferrous Scrap - Red Metals,Cocoa,Copper ,Wire scrap nodules,,,,,,,,,,Pyrometallurgical,Pyrometallurgical
26,IS_PROCESSED_WITH,Burnt hair wire; copper clad; plating racks; grindings; copper wire from burning,,Unalloyed. Nominal 92% copper content (minimum 88%),Burnt hair wire; copper clad; plating racks; grindings; copper wire from burning,Light Copper,Nonferrous Scrap - Red Metals,Dream,Copper ,Miscellaneous scrap,,,,,,,,,,Pyrometallurgical,Pyrometallurgical
27,IS_PROCESSED_WITH,Insulated wire,,a minimum of 61.3% copper and maximum 5% iron,Insulated wire,Refinery Brass,Nonferrous Scrap - Red Metals,Drink,Brass,Solids and turnings and alloyed and contaminated copper scrap,,,,,,,,,,Pyrometallurgical,Pyrometallurgical
28,IS_PROCESSED_WITH,Nonferrous Scrap - Red Metals,,with various types of insulation. To be sold on a sample or recovery basis,,Insulated Copper Wire Scrap,Nonferrous Scrap - Red Metals,Droid,Copper ,Wire ,,,,,,,,,,Pyrometallurgical,Pyrometallurgical
29,IS_COMPOSED_OF,Nonferrous Scrap - Red Metals,,with various types of insulation. To be sold on a sample or recovery basis,,Insulated Copper Wire Scrap,Nonferrous Scrap - Red Metals,Droid,Copper ,Wire ,,,,,,,,,,COPPER,COPPER
30,IS_PROCESSED_WITH,insulated wires; copper chlorides; unprepared tangled material; large motors; pyrophoric material; asbestos brake linings; furnace bottoms; high lead materials; graphite crucibles; and noxious and explosive materials.,,Nonferrous Scrap - Red Metals,insulated wires; copper chlorides; unprepared tangled material; large motors; pyrophoric material; asbestos brake linings; furnace bottoms; high lead materials; graphite crucibles; and noxious and explosive materials.,Copper-Bearing Scrap,,Drove,Irony brass and copper,Miscellaneous skimmings,,,,,,,,,,Pyrometallurgical,Pyrometallurgical
31,IS_PROCESSED_WITH,Nonferrous Scrap - Red Metals,Druid,Uncoated,,Insulated Copper Wire Scrap,Nonferrous Scrap - Red Metals,not smaller than No. 16 B & S wire gauge (unless smaller wire gauge is mutually agreed upon),Copper,Wire,,,,,,,,,,Pyrometallurgical,Pyrometallurgical
32,IS_COMPOSED_OF,Nonferrous Scrap - Red Metals,Druid,Uncoated,,Insulated Copper Wire Scrap,Nonferrous Scrap - Red Metals,not smaller than No. 16 B & S wire gauge (unless smaller wire gauge is mutually agreed upon),Copper,Wire,,,,,,,,,,COPPER,COPPER
33,IS_EQUIVALENT_TO,semi-red brass castings (78% to 81% copper); railroad car boxes and other similar high-lead alloys; cocks and faucets; closed water meters; gates; pot pieces; ingots and burned brass; aluminum,Ebony,Made of copper,semi-red brass castings (78% to 81% copper); railroad car boxes and other similar high-lead alloys; cocks and faucets; closed water meters; gates; pot pieces; ingots and burned brass; aluminum,Composition or Red Brass,Nonferrous Scrap - Red Metals,No piece to measure more than 12� over any one part or weigh over 100 lbs.,Red Brass,Valves,,,BRONZE SCRAP EBONY AS PER ISRI,,Non-Ferrous,BRONZE SCRAP EBONY AS PER ISRI,,,,50050,ΣΚΡΑΠ ΜΠΡΟYNΤΖΟΣ
34,IS_PROCESSED_WITH,semi-red brass castings (78% to 81% copper); railroad car boxes and other similar high-lead alloys; cocks and faucets; closed water meters; gates; pot pieces; ingots and burned brass; aluminum,Ebony,Made of copper,semi-red brass castings (78% to 81% copper); railroad car boxes and other similar high-lead alloys; cocks and faucets; closed water meters; gates; pot pieces; ingots and burned brass; aluminum,Composition or Red Brass,Nonferrous Scrap - Red Metals,No piece to measure more than 12� over any one part or weigh over 100 lbs.,Red Brass,Valves,,,,,,,,,,Pyrometallurgical,Pyrometallurgical
35,IS_COMPOSED_OF,semi-red brass castings (78% to 81% copper); railroad car boxes and other similar high-lead alloys; cocks and faucets; closed water meters; gates; pot pieces; ingots and burned brass; aluminum,Ebony,Made of copper,semi-red brass castings (78% to 81% copper); railroad car boxes and other similar high-lead alloys; cocks and faucets; closed water meters; gates; pot pieces; ingots and burned brass; aluminum,Composition or Red Brass,Nonferrous Scrap - Red Metals,No piece to measure more than 12� over any one part or weigh over 100 lbs.,Red Brass,Valves,,,,,,,,,,RED BRASS,RED BRASS
36,IS_PROCESSED_WITH,leaded brass attachments and have less than 0.2% alloyed lead or as agreed between buyer and seller.,,Alloyed with copper,leaded brass attachments and have less than 0.2% alloyed lead or as agreed between buyer and seller.,Lead-Free Bismuth Brass Solids,Nonferrous Scrap - Red Metals,Ebulent,Brass,Scrap castings,,,,,,,,,,Pyrometallurgical,Pyrometallurgical
37,IS_COMPOSED_OF,leaded brass attachments and have less than 0.2% alloyed lead or as agreed between buyer and seller.,,Alloyed with copper,leaded brass attachments and have less than 0.2% alloyed lead or as agreed between buyer and seller.,Lead-Free Bismuth Brass Solids,Nonferrous Scrap - Red Metals,Ebulent,Brass,Scrap castings,,,,,,,,,,LEAD-FREE BISMUTH BRASS,LEAD-FREE BISMUTH BRASS
38,IS_PROCESSED_WITH,Nonferrous Scrap - Red Metals,,Alloyed with copper,,Lead-Free Bismuth Brass Turnings,Nonferrous Scrap - Red Metals,Ecstatic,Brass,Scrap borings and turnings,,,,,,,,,,Pyrometallurgical,Pyrometallurgical
39,IS_COMPOSED_OF,Nonferrous Scrap - Red Metals,,Alloyed with copper,,Lead-Free Bismuth Brass Turnings,Nonferrous Scrap - Red Metals,Ecstatic,Brass,Scrap borings and turnings,,,,,,,,,,LEAD-FREE BISMUTH BRASS,LEAD-FREE BISMUTH BRASS
40,IS_PROCESSED_WITH,Nonferrous Scrap - Red Metals,,It is recommended these materials be sold by analysis.,,High Grade-Low Lead Brass Bushings,Nonferrous Scrap - Red Metals,Eland,Bronze/Brass,Solids,,,,,,,,,,Pyrometallurgical,Pyrometallurgical
41,IS_PROCESSED_WITH,iron-backed bearings,,from automobiles and other machinery,iron-backed bearings,null,Nonferrous Scrap - Red Metals,Elder,Brass,Bushings and bearings,,,,,,,,,,Pyrometallurgical,Pyrometallurgical
42,IS_COMPOSED_OF,iron-backed bearings,,from automobiles and other machinery,iron-backed bearings,null,Nonferrous Scrap - Red Metals,Elder,Brass,Bushings and bearings,,,,,,,,,,RED BRASS,RED BRASS
43,IS_PROCESSED_WITH,Nonferrous Scrap - Red Metals,,It is recommended that these materials be sold on sample or analysis.,,High Lead Bronze Solids and Borings,Nonferrous Scrap - Red Metals,Elias,Bronze,Solids and Borings,,,,,,,,,,Pyrometallurgical,Pyrometallurgical
44,IS_COMPOSED_OF,Nonferrous Scrap - Red Metals,,It is recommended that these materials be sold on sample or analysis.,,High Lead Bronze Solids and Borings,Nonferrous Scrap - Red Metals,Elias,Bronze,Solids and Borings,,,,,,,,,,BRONZE,BRONZE
45,IS_PROCESSED_WITH,Nonferrous Scrap - Red Metals,,Should be sold subject to sample or analysis.,,Red Brass Composition Turnings,Nonferrous Scrap - Red Metals,Enerv,Red Brass,Turnings,,,,,,,,,,Pyrometallurgical,Pyrometallurgical
46,IS_COMPOSED_OF,Nonferrous Scrap - Red Metals,,Should be sold subject to sample or analysis.,,Red Brass Composition Turnings,Nonferrous Scrap - Red Metals,Enerv,Red Brass,Turnings,,,,,,,,,,RED BRASS,RED BRASS
47,IS_PROCESSED_WITH,lined and unlined standard red car boxes.,,Copper content of not less than 75%,lined and unlined standard red car boxes.,Machinery or Hard Brass Solids,Nonferrous Scrap - Red Metals,Engel,Brass,Solids,,,,,,,,,,Pyrometallurgical,Pyrometallurgical
48,IS_COMPOSED_OF,lined and unlined standard red car boxes.,,Copper content of not less than 75%,lined and unlined standard red car boxes.,Machinery or Hard Brass Solids,Nonferrous Scrap - Red Metals,Engel,Brass,Solids,,,,,,,,,,BRASS,BRASS
49,IS_PROCESSED_WITH,Nonferrous Scrap - Red Metals,,Copper content of not less than 75%,,Machinery or Hard Brass Borings,Nonferrous Scrap - Red Metals,Erin,Brass,Borings,,,,,,,,,,Pyrometallurgical,Pyrometallurgical
50,IS_COMPOSED_OF,Nonferrous Scrap - Red Metals,,Copper content of not less than 75%,,Machinery or Hard Brass Borings,Nonferrous Scrap - Red Metals,Erin,Brass,Borings,,,,,,,,,,BRASS,BRASS
51,IS_PROCESSED_WITH,Yellow boxes and iron-backed boxes,,Standard unlined and/or sweated railroad boxes and unlined and/or sweated car journal bearings,Yellow boxes and iron-backed boxes,,Nonferrous Scrap - Red Metals,Fence,Unlined Standard Red Car Boxes (Clean Journals),Red car boxes (clean journals),,,,,,,,,,Pyrometallurgical,Pyrometallurgical
52,IS_PROCESSED_WITH,Yellow boxes and iron-backed boxes,,Standard babbitt-lined railroad boxes and/or babbitt-lined car journal bearings,Yellow boxes and iron-backed boxes,,Nonferrous Scrap - Red Metals,Ferry,Lined Standard Red Car Boxes (Lined Journals),Red car boxes (lined journals),,,,,,,,,,Pyrometallurgical,Pyrometallurgical
53,IS_PROCESSED_WITH,Gas cocks,,Clean red and yellow brass,Gas cocks,Cocks and Faucets,Nonferrous Scrap - Red Metals,Grape,Red Brass/Yellow Brass including chrome or nickel plated,Cocks and Faucets,,,,,,,,,,Pyrometallurgical,Pyrometallurgical
54,IS_EQUIVALENT_TO,Manganese-bronze,,Nonferrous Scrap - Red Metals,Manganese-bronze,Yellow Brass Scrap,,Honey,Yellow brass,Mixed Solids,,,BRASS SCRAP HONEY AS PER ISRI,,Non-Ferrous,BRASS SCRAP HONEY AS PER ISRI,,,,50046,ΣΚΡΑΠ ΒΡΥΣΕΣ 58% ΑΔΙΑΛΕΚΤΕΣ
55,IS_EQUIVALENT_TO,Manganese-bronze,,Nonferrous Scrap - Red Metals,Manganese-bronze,Yellow Brass Scrap,,Honey,Yellow brass,Mixed Solids,,,SHREDDED HONEY FROM PRODUCTION,,,SHREDDED HONEY FROM PRODUCTION,,,,60163,Non-Ferrous
56,IS_EQUIVALENT_TO,Manganese-bronze,,Nonferrous Scrap - Red Metals,Manganese-bronze,Yellow Brass Scrap,,Honey,Yellow brass,Mixed Solids,,,BRASS SCRAP HONEY AS PER ISRI (RAW),,Non-Ferrous,BRASS SCRAP HONEY AS PER ISRI (RAW),,,,40143,ΣΚΡΑΠ ΒΡΥΣΕΣ  ΑΔΙΑΛΕΚΤΕΣ (ΥΛΗ)
57,IS_EQUIVALENT_TO,Manganese-bronze,,Nonferrous Scrap - Red Metals,Manganese-bronze,Yellow Brass Scrap,,Honey,Yellow brass,Mixed Solids,,,BRASS SCRAP HONEY AS PER ISRI (E),,,BRASS SCRAP HONEY AS PER ISRI (E),,,,50113,Non-Ferrous
58,IS_PROCESSED_WITH,Manganese-bronze,,Nonferrous Scrap - Red Metals,Manganese-bronze,Yellow Brass Scrap,,Honey,Yellow brass,Mixed Solids,,,,,,,,,,Pyrometallurgical,Pyrometallurgical
59,IS_COMPOSED_OF,Manganese-bronze,,Nonferrous Scrap - Red Metals,Manganese-bronze,Yellow Brass Scrap,,Honey,Yellow brass,Mixed Solids,,,,,,,,,,YELLOW BRASS,YELLOW BRASS
60,IS_PROCESSED_WITH,brass forgings,Ivory,not to contain more than 15% nickel plated material,brass forgings,,Nonferrous Scrap - Red Metals,no piece to measure more than 12 inches over any one part,Yellow Brass Castings,Castings in crucible shape ,,,,,,,,,,Pyrometallurgical,Pyrometallurgical
61,IS_COMPOSED_OF,brass forgings,Ivory,not to contain more than 15% nickel plated material,brass forgings,,Nonferrous Scrap - Red Metals,no piece to measure more than 12 inches over any one part,Yellow Brass Castings,Castings in crucible shape ,,,,,,,,,,YELLOW BRASS,YELLOW BRASS
62,IS_PROCESSED_WITH,from foreign substances,,new unleaded yellow brass sheet or plate,from foreign substances,New Brass Clipings,Nonferrous Scrap - Red Metals,Label,Brass,Clippings,,,,,,,,,,Pyrometallurgical,Pyrometallurgical
63,IS_COMPOSED_OF,from foreign substances,,new unleaded yellow brass sheet or plate,from foreign substances,New Brass Clipings,Nonferrous Scrap - Red Metals,Label,Brass,Clippings,,,,,,,,,,YELLOW BRASS,YELLOW BRASS
64,IS_PROCESSED_WITH,primers and any other foreign material,,Clean. For material to be exported from the United States,primers and any other foreign material,Brass Shell Cases Without Primers,Nonferrous Scrap - Red Metals,Lace,Brass,Fired 70/30 shell cases,,,,,,,,,,Pyrometallurgical,Pyrometallurgical
65,IS_COMPOSED_OF,primers and any other foreign material,,Clean. For material to be exported from the United States,primers and any other foreign material,Brass Shell Cases Without Primers,Nonferrous Scrap - Red Metals,Lace,Brass,Fired 70/30 shell cases,,,,,,,,,,BRASS,BRASS
66,IS_PROCESSED_WITH,any other foreign material,,Clean.Containing the brass primers. For material to be exported from the United States,any other foreign material,Brass Shell Cases With Primers,Nonferrous Scrap - Red Metals,Lady,Bras,Fired 70/30 shell cases,,,,,,,,,,Pyrometallurgical,Pyrometallurgical
67,IS_PROCESSED_WITH,bullets,,Clean. For material to be exported from the United States,bullets,Brass Small Arms and Rifle Shells,Nonferrous Scrap - Red Metals,Lake,Brass,Rifle shells,,,,,,,,,,Pyrometallurgical,Pyrometallurgical
68,IS_COMPOSED_OF,bullets,,Clean. For material to be exported from the United States,bullets,Brass Small Arms and Rifle Shells,Nonferrous Scrap - Red Metals,Lake,Brass,Rifle shells,,,,,,,,,,BRASS,BRASS
69,IS_PROCESSED_WITH,bullets,,Clean muffled. For material to be exported from the United States,bullets,Brass Small Arms and Rifle Shells,Nonferrous Scrap - Red Metals,Lamb,Brass,Rifle shells,,,,,,,,,,Pyrometallurgical,Pyrometallurgical
70,IS_COMPOSED_OF,bullets,,Clean muffled. For material to be exported from the United States,bullets,Brass Small Arms and Rifle Shells,Nonferrous Scrap - Red Metals,Lamb,Brass,Rifle shells,,,,,,,,,,BRASS,BRASS
71,IS_PROCESSED_WITH,iron,,Clean,iron,Yellow Brass Primer,Nonferrous Scrap - Red Metals,Lark,Yellow Brass,Primers,,,,,,,,,,Pyrometallurgical,Pyrometallurgical
72,IS_COMPOSED_OF,iron,,Clean,iron,Yellow Brass Primer,Nonferrous Scrap - Red Metals,Lark,Yellow Brass,Primers,,,,,,,,,,YELLOW BRASS,YELLOW BRASS
73,IS_PROCESSED_WITH,chrome or any other plating material,,One or more nickel silver alloys the range of nickel content to be specified. Leaded nickel silver clippings should be packed and sold separately. Not to contain more than 10% of clean punchings under 1/4 inch,chrome or any other plating material,Mixed New Nickel Silver Clippings,Nonferrous Scrap - Red Metals,Maize,Nickel Silver,Clippings,,,,,,,,,,Pyrometallurgical,Pyrometallurgical
74,IS_COMPOSED_OF,chrome or any other plating material,,One or more nickel silver alloys the range of nickel content to be specified. Leaded nickel silver clippings should be packed and sold separately. Not to contain more than 10% of clean punchings under 1/4 inch,chrome or any other plating material,Mixed New Nickel Silver Clippings,Nonferrous Scrap - Red Metals,Maize,Nickel Silver,Clippings,,,,,,,,,,NICKEL SILVER,NICKEL SILVER
75,IS_PROCESSED_WITH,Chrome or any other plating material,,New,Chrome or any other plating material,New Nickel Silver Clippings and Solids,Nonferrous Scrap - Red Metals,Major,Nickel Silver,Clippings,,,,,,,,,,Pyrometallurgical,Pyrometallurgical
76,IS_COMPOSED_OF,Chrome or any other plating material,,New,Chrome or any other plating material,New Nickel Silver Clippings and Solids,Nonferrous Scrap - Red Metals,Major,Nickel Silver,Clippings,,,,,,,,,,NICKEL SILVER,NICKEL SILVER
77,IS_PROCESSED_WITH,Nonferrous Scrap - Red Metals,,Shall consist of one specified nickel silver alloy. Not to contain more than 10% of clean punchings under 1/4 inch.,,New Segregated Nickel Silver Clippings,Nonferrous Scrap - Red Metals,Malar,Nickel Silver,Clippings,,,,,,,,,,Pyrometallurgical,Pyrometallurgical
78,IS_COMPOSED_OF,Nonferrous Scrap - Red Metals,,Shall consist of one specified nickel silver alloy. Not to contain more than 10% of clean punchings under 1/4 inch.,,New Segregated Nickel Silver Clippings,Nonferrous Scrap - Red Metals,Malar,Nickel Silver,Clippings,,,,,,,,,,NICKEL SILVER,NICKEL SILVER
79,IS_PROCESSED_WITH,Foreign substances,,Old. Soldered or unsoldered. Must not be trimmed seams alone.,Foreign substances,Old Nickel Silver,Nonferrous Scrap - Red Metals,Malic,Nickel Silver,Sheet,,,,,,,,,,Pyrometallurgical,Pyrometallurgical
80,IS_COMPOSED_OF,Foreign substances,,Old. Soldered or unsoldered. Must not be trimmed seams alone.,Foreign substances,Old Nickel Silver,Nonferrous Scrap - Red Metals,Malic,Nickel Silver,Sheet,,,,,,,,,,NICKEL SILVER,NICKEL SILVER
81,IS_PROCESSED_WITH,Plated and soldered materials or pipes with cast brass connections,,To be sound,Plated and soldered materials or pipes with cast brass connections,Brass Pipe,Nonferrous Scrap - Red Metals,Melon,Brass,Pipe ,,,,,,,,,,Pyrometallurgical,Pyrometallurgical
82,IS_COMPOSED_OF,Plated and soldered materials or pipes with cast brass connections,,To be sound,Plated and soldered materials or pipes with cast brass connections,Brass Pipe,Nonferrous Scrap - Red Metals,Melon,Brass,Pipe ,,,,,,,,,,BRASS,BRASS
83,IS_PROCESSED_WITH,Nonferrous Scrap - Red Metals,,To be packed and sold separately,,Nickel Silver Castings,Nonferrous Scrap - Red Metals,Naggy,Nickel Silver,Castings,,,,,,,,,,Pyrometallurgical,Pyrometallurgical
84,IS_COMPOSED_OF,Nonferrous Scrap - Red Metals,,To be packed and sold separately,,Nickel Silver Castings,Nonferrous Scrap - Red Metals,Naggy,Nickel Silver,Castings,,,,,,,,,,NICKEL SILVER,NICKEL SILVER
85,IS_PROCESSED_WITH,Nonferrous Scrap - Red Metals,,To be sold by sample or analysis,,null,Nonferrous Scrap - Red Metals,Niece,Nickel Silver,Turnings,,,,,,,,,,Pyrometallurgical,Pyrometallurgical
86,IS_COMPOSED_OF,Nonferrous Scrap - Red Metals,,To be sold by sample or analysis,,null,Nonferrous Scrap - Red Metals,Niece,Nickel Silver,Turnings,,,,,,,,,,NICKEL SILVER,NICKEL SILVER
87,IS_PROCESSED_WITH,Nonferrous Scrap - Red Metals,,Alloyed with copper,,Leaded Brass Scrap Turnings,Nonferrous Scrap - Red Metals,Nascent,Leaded Brass,Borings and turnings,,,,,,,,,,Pyrometallurgical,Pyrometallurgical
88,IS_COMPOSED_OF,Nonferrous Scrap - Red Metals,,Alloyed with copper,,Leaded Brass Scrap Turnings,Nonferrous Scrap - Red Metals,Nascent,Leaded Brass,Borings and turnings,,,,,,,,,,LEADED BRASS,LEADED BRASS
89,IS_PROCESSED_WITH,Nonferrous Scrap - Red Metals,,Alloyed with copper,,Leaded Brass Scrap Rod Ends and Forgings,Nonferrous Scrap - Red Metals,Niche,Leaded Brass,Rod ends and forgings,,,,,,,,,,Pyrometallurgical,Pyrometallurgical
90,IS_COMPOSED_OF,Nonferrous Scrap - Red Metals,,Alloyed with copper,,Leaded Brass Scrap Rod Ends and Forgings,Nonferrous Scrap - Red Metals,Niche,Leaded Brass,Rod ends and forgings,,,,,,,,,,LEADED BRASS,LEADED BRASS
91,IS_PROCESSED_WITH,Aluminum,,Not to contain over 3% free iron,Aluminum,Yellow Brass Rod Turnings,Nonferrous Scrap - Red Metals,Night,Yellow brass,Rod turnings (strictly),,,,,,,,,,Pyrometallurgical,Pyrometallurgical
92,IS_COMPOSED_OF,Aluminum,,Not to contain over 3% free iron,Aluminum,Yellow Brass Rod Turnings,Nonferrous Scrap - Red Metals,Night,Yellow brass,Rod turnings (strictly),,,,,,,,,,YELLOW BRASS,YELLOW BRASS
93,IS_PROCESSED_WITH,Turning brass rods or forging rods,Noble,New ,Turning brass rods or forging rods,Yellow Brass Rod Ends,Nonferrous Scrap - Red Metals,Pieces not larger than 12�,Yellow brass,Rod ends,,,,,,,,,,Pyrometallurgical,Pyrometallurgical
94,IS_COMPOSED_OF,Turning brass rods or forging rods,Noble,New ,Turning brass rods or forging rods,Yellow Brass Rod Ends,Nonferrous Scrap - Red Metals,Pieces not larger than 12�,Yellow brass,Rod ends,,,,,,,,,,YELLOW BRASS,YELLOW BRASS
95,IS_PROCESSED_WITH,Aluminum,,Not to contain over 3% of free iron,Aluminum,Yellow Brass Turnings,Nonferrous Scrap - Red Metals,Nomad,Yellow brass,Turnings,,,,,,,,,,Pyrometallurgical,Pyrometallurgical
96,IS_COMPOSED_OF,Aluminum,,Not to contain over 3% of free iron,Aluminum,Yellow Brass Turnings,Nonferrous Scrap - Red Metals,Nomad,Yellow brass,Turnings,,,,,,,,,,YELLOW BRASS,YELLOW BRASS
97,IS_EQUIVALENT_TO,Aluminum radiators,,Mixed automobile radiators. All radiators to be subject to deduction of actual iron. The tonnage specification should cover the gross weight of the radiators,Aluminum radiators,,Nonferrous Scrap - Red Metals,Ocean,Mixed Unsweated Auto Radiators,Radiators,,,BRASS SCRAP OCEAN AS PER ISRI,,Non-Ferrous,BRASS SCRAP OCEAN AS PER ISRI,,,,50049,ΣΚΡΑΠ ΨΥΓΕΙΩΝ ΧΑΛΚΟΥ/ΟΡΕΙΧΑΛΚΟΥ
98,IS_EQUIVALENT_TO,Aluminum radiators,,Mixed automobile radiators. All radiators to be subject to deduction of actual iron. The tonnage specification should cover the gross weight of the radiators,Aluminum radiators,,Nonferrous Scrap - Red Metals,Ocean,Mixed Unsweated Auto Radiators,Radiators,,,BRASS SCRAP OCEAN AS PER ISRI ELV,,,BRASS SCRAP OCEAN AS PER ISRI ELV,,,,60134,Non-Ferrous
99,CONTAINS,Aluminum radiators,,Mixed automobile radiators. All radiators to be subject to deduction of actual iron. The tonnage specification should cover the gross weight of the radiators,Aluminum radiators,,Nonferrous Scrap - Red Metals,Ocean,Mixed Unsweated Auto Radiators,Radiators,1085,319,,29,,,1085,,63.546,COPPER,Cu
100,IS_PROCESSED_WITH,Aluminum radiators,,Mixed automobile radiators. All radiators to be subject to deduction of actual iron. The tonnage specification should cover the gross weight of the radiators,Aluminum radiators,,Nonferrous Scrap - Red Metals,Ocean,Mixed Unsweated Auto Radiators,Radiators,,,,,,,,,,Pyrometallurgical,Pyrometallurgical
101,IS_EQUIVALENT_TO,Excessive corroded material as mutually agreed,,Clean. May be plated or unplated,Excessive corroded material as mutually agreed,Brass Condenser Tubes,Nonferrous Scrap - Red Metals,Pales,Brass,Condenser tubes,,,BRASS SCRAP PALES AS PER ISRI,,Non-Ferrous,BRASS SCRAP PALES AS PER ISRI,,,,50051,ΣΚΡΑΠ ΣΩΛΗΝΑΚΙ ΟΡΕΙΧΑΛΚΟΥ MS(Sn)
102,IS_PROCESSED_WITH,Excessive corroded material as mutually agreed,,Clean. May be plated or unplated,Excessive corroded material as mutually agreed,Brass Condenser Tubes,Nonferrous Scrap - Red Metals,Pales,Brass,Condenser tubes,,,,,,,,,,Pyrometallurgical,Pyrometallurgical
103,IS_PROCESSED_WITH,Nickel alloy and corroded material,,Clean. May be plated or unplated,Nickel alloy and corroded material,Aluminum Brass Condenser Tubes,Nonferrous Scrap - Red Metals,Pallu,Aluminum Brass,Condenser tubes,,,,,,,,,,Pyrometallurgical,Pyrometallurgical
104,IS_COMPOSED_OF,Nickel alloy and corroded material,,Clean. May be plated or unplated,Nickel alloy and corroded material,Aluminum Brass Condenser Tubes,Nonferrous Scrap - Red Metals,Pallu,Aluminum Brass,Condenser tubes,,,,,,,,,,ALUMINUM BRASS,ALUMINUM BRASS
105,IS_PROCESSED_WITH,Nickel alloy,,Clean,Nickel alloy,Muntz Metal Tubes,Nonferrous Scrap - Red Metals,Palms,Muntz metal ,Tubes,,,,,,,,,,Pyrometallurgical,Pyrometallurgical
106,IS_COMPOSED_OF,Nickel alloy,,Clean,Nickel alloy,Muntz Metal Tubes,Nonferrous Scrap - Red Metals,Palms,Muntz metal ,Tubes,,,,,,,,,,MUNTZ METAL,MUNTZ METAL
107,IS_PROCESSED_WITH,Aluminum bronze and silicon bronze.,,Copper content of not less than 55%,Aluminum bronze and silicon bronze.,Manganese Bronze Solids,Nonferrous Scrap - Red Metals,Parch,Manganese bronze,Solids ,,,,,,,,,,Pyrometallurgical,Pyrometallurgical
108,IS_COMPOSED_OF,Aluminum bronze and silicon bronze.,,Copper content of not less than 55%,Aluminum bronze and silicon bronze.,Manganese Bronze Solids,Nonferrous Scrap - Red Metals,Parch,Manganese bronze,Solids ,,,,,,,,,,MANGANESE BRONZE,MANGANESE BRONZE
109,IS_COMPOSED_OF,paper,,Clean. To consist of 1000 and/or 3000 series alloys,paper,Clean Aluminum Lithographic Sheets,Nonferrous Scrap - Aluminum,Tablet,Aluminum ,Lithographic Sheets,,,,,,,,,,ALUMINUM,ALUMINUM
110,IS_COMPOSED_OF,paper,,Clean. To consist of 1000 and/or 3000 series alloys,paper,Clean Aluminum Lithographic Sheets,Nonferrous Scrap - Aluminum,Tablet,Aluminum ,Lithographic Sheets,,,,,,,,3000,,3102,3000
111,IS_COMPOSED_OF,paper,,Clean. To consist of 1000 and/or 3000 series alloys,paper,Clean Aluminum Lithographic Sheets,Nonferrous Scrap - Aluminum,Tablet,Aluminum ,Lithographic Sheets,,,,,,,,3000,,3003,3000
112,IS_COMPOSED_OF,paper,,Clean. To consist of 1000 and/or 3000 series alloys,paper,Clean Aluminum Lithographic Sheets,Nonferrous Scrap - Aluminum,Tablet,Aluminum ,Lithographic Sheets,,,,,,,,3000,,3004,3000
113,IS_COMPOSED_OF,paper,,Clean. To consist of 1000 and/or 3000 series alloys,paper,Clean Aluminum Lithographic Sheets,Nonferrous Scrap - Aluminum,Tablet,Aluminum ,Lithographic Sheets,,,,,,,,3000,,3203,3000
114,IS_COMPOSED_OF,paper,,Clean. To consist of 1000 and/or 3000 series alloys,paper,Clean Aluminum Lithographic Sheets,Nonferrous Scrap - Aluminum,Tablet,Aluminum ,Lithographic Sheets,,,,,,,,3000,,3005,3000
115,IS_COMPOSED_OF,paper,,Clean. To consist of 1000 and/or 3000 series alloys,paper,Clean Aluminum Lithographic Sheets,Nonferrous Scrap - Aluminum,Tablet,Aluminum ,Lithographic Sheets,,,,,,,,3000,,3105,3000
116,IS_COMPOSED_OF,paper,,Clean. To consist of 1000 and/or 3000 series alloys,paper,Clean Aluminum Lithographic Sheets,Nonferrous Scrap - Aluminum,Tablet,Aluminum ,Lithographic Sheets,,,,,,,,3000,,3103,3000
117,IS_COMPOSED_OF,paper,,Clean. To consist of 1000 and/or 3000 series alloys,paper,Clean Aluminum Lithographic Sheets,Nonferrous Scrap - Aluminum,Tablet,Aluminum ,Lithographic Sheets,,,,,,,,3000,,3303,3000
118,IS_COMPOSED_OF,paper,,Clean. To consist of 1000 and/or 3000 series alloys,paper,Clean Aluminum Lithographic Sheets,Nonferrous Scrap - Aluminum,Tablet,Aluminum ,Lithographic Sheets,,,,,,,,1000,,1070,1000
119,IS_COMPOSED_OF,paper,,Clean. To consist of 1000 and/or 3000 series alloys,paper,Clean Aluminum Lithographic Sheets,Nonferrous Scrap - Aluminum,Tablet,Aluminum ,Lithographic Sheets,,,,,,,,1000,,1350,1000
120,IS_COMPOSED_OF,paper,,Clean. To consist of 1000 and/or 3000 series alloys,paper,Clean Aluminum Lithographic Sheets,Nonferrous Scrap - Aluminum,Tablet,Aluminum ,Lithographic Sheets,,,,,,,,1000,,1230,1000
121,IS_COMPOSED_OF,paper,,Clean. To consist of 1000 and/or 3000 series alloys,paper,Clean Aluminum Lithographic Sheets,Nonferrous Scrap - Aluminum,Tablet,Aluminum ,Lithographic Sheets,,,,,,,,1000,,1060,1000
122,IS_COMPOSED_OF,paper,,Clean. To consist of 1000 and/or 3000 series alloys,paper,Clean Aluminum Lithographic Sheets,Nonferrous Scrap - Aluminum,Tablet,Aluminum ,Lithographic Sheets,,,,,,,,1000,,1050,1000
123,IS_COMPOSED_OF,paper,,Clean. To consist of 1000 and/or 3000 series alloys,paper,Clean Aluminum Lithographic Sheets,Nonferrous Scrap - Aluminum,Tablet,Aluminum ,Lithographic Sheets,,,,,,,,1000,,1370,1000
124,IS_COMPOSED_OF,paper,,Clean. To consist of 1000 and/or 3000 series alloys,paper,Clean Aluminum Lithographic Sheets,Nonferrous Scrap - Aluminum,Tablet,Aluminum ,Lithographic Sheets,,,,,,,,1000,,1145,1000
125,IS_COMPOSED_OF,paper,,Clean. To consist of 1000 and/or 3000 series alloys,paper,Clean Aluminum Lithographic Sheets,Nonferrous Scrap - Aluminum,Tablet,Aluminum ,Lithographic Sheets,,,,,,,,1000,,1199,1000
126,IS_COMPOSED_OF,paper,,Clean. To consist of 1000 and/or 3000 series alloys,paper,Clean Aluminum Lithographic Sheets,Nonferrous Scrap - Aluminum,Tablet,Aluminum ,Lithographic Sheets,,,,,,,,1000,,1100,1000
127,IS_COMPOSED_OF,paper,Tabloid,New,paper,New,Nonferrous Scrap - Aluminum,Minimum size of 3� (8 cm) in any direction,Aluminum,Lithographic Sheets,,,,,,,,1000,,1370,1000
128,IS_COMPOSED_OF,paper,Tabloid,New,paper,New,Nonferrous Scrap - Aluminum,Minimum size of 3� (8 cm) in any direction,Aluminum,Lithographic Sheets,,,,,,,,1000,,1199,1000
129,IS_COMPOSED_OF,paper,Tabloid,New,paper,New,Nonferrous Scrap - Aluminum,Minimum size of 3� (8 cm) in any direction,Aluminum,Lithographic Sheets,,,,,,,,1000,,1070,1000
130,IS_COMPOSED_OF,paper,Tabloid,New,paper,New,Nonferrous Scrap - Aluminum,Minimum size of 3� (8 cm) in any direction,Aluminum,Lithographic Sheets,,,,,,,,1000,,1350,1000
131,IS_COMPOSED_OF,paper,Tabloid,New,paper,New,Nonferrous Scrap - Aluminum,Minimum size of 3� (8 cm) in any direction,Aluminum,Lithographic Sheets,,,,,,,,1000,,1100,1000
132,IS_COMPOSED_OF,paper,Tabloid,New,paper,New,Nonferrous Scrap - Aluminum,Minimum size of 3� (8 cm) in any direction,Aluminum,Lithographic Sheets,,,,,,,,1000,,1230,1000
133,IS_COMPOSED_OF,paper,Tabloid,New,paper,New,Nonferrous Scrap - Aluminum,Minimum size of 3� (8 cm) in any direction,Aluminum,Lithographic Sheets,,,,,,,,1000,,1050,1000
134,IS_COMPOSED_OF,paper,Tabloid,New,paper,New,Nonferrous Scrap - Aluminum,Minimum size of 3� (8 cm) in any direction,Aluminum,Lithographic Sheets,,,,,,,,1000,,1060,1000
135,IS_COMPOSED_OF,paper,Tabloid,New,paper,New,Nonferrous Scrap - Aluminum,Minimum size of 3� (8 cm) in any direction,Aluminum,Lithographic Sheets,,,,,,,,1000,,1145,1000
136,IS_COMPOSED_OF,paper,Tabloid,New,paper,New,Nonferrous Scrap - Aluminum,Minimum size of 3� (8 cm) in any direction,Aluminum,Lithographic Sheets,,,,,,,,3000,,3005,3000
137,IS_COMPOSED_OF,paper,Tabloid,New,paper,New,Nonferrous Scrap - Aluminum,Minimum size of 3� (8 cm) in any direction,Aluminum,Lithographic Sheets,,,,,,,,3000,,3003,3000
138,IS_COMPOSED_OF,paper,Tabloid,New,paper,New,Nonferrous Scrap - Aluminum,Minimum size of 3� (8 cm) in any direction,Aluminum,Lithographic Sheets,,,,,,,,3000,,3102,3000
139,IS_COMPOSED_OF,paper,Tabloid,New,paper,New,Nonferrous Scrap - Aluminum,Minimum size of 3� (8 cm) in any direction,Aluminum,Lithographic Sheets,,,,,,,,3000,,3105,3000
140,IS_COMPOSED_OF,paper,Tabloid,New,paper,New,Nonferrous Scrap - Aluminum,Minimum size of 3� (8 cm) in any direction,Aluminum,Lithographic Sheets,,,,,,,,3000,,3004,3000
141,IS_COMPOSED_OF,paper,Tabloid,New,paper,New,Nonferrous Scrap - Aluminum,Minimum size of 3� (8 cm) in any direction,Aluminum,Lithographic Sheets,,,,,,,,3000,,3303,3000
142,IS_COMPOSED_OF,paper,Tabloid,New,paper,New,Nonferrous Scrap - Aluminum,Minimum size of 3� (8 cm) in any direction,Aluminum,Lithographic Sheets,,,,,,,,3000,,3103,3000
143,IS_COMPOSED_OF,paper,Tabloid,New,paper,New,Nonferrous Scrap - Aluminum,Minimum size of 3� (8 cm) in any direction,Aluminum,Lithographic Sheets,,,,,,,,3000,,3203,3000
144,IS_COMPOSED_OF,paper,Tabloid,New,paper,New,Nonferrous Scrap - Aluminum,Minimum size of 3� (8 cm) in any direction,Aluminum,Lithographic Sheets,,,,,,,,,,ALUMINUM,ALUMINUM
145,IS_EQUIVALENT_TO,foil,,Clean old alloy aluminum of two or more alloys. Oil and grease not to total more than 1%. Up to 10% Tale permitted.,foil,Clean Mixed Old Alloy Sheet Aluminum,Nonferrous Scrap - Aluminum,Taint/Tabor,Aluminum ,Sheet,,,ΤΑΙΝΤ ΤΑΒΟR SCRAP MIXED FROM TLB,,,ΤΑΙΝΤ ΤΑΒΟR SCRAP MIXED FROM TLB,,,,60160,Non-Ferrous
146,IS_EQUIVALENT_TO,foil,,Clean old alloy aluminum of two or more alloys. Oil and grease not to total more than 1%. Up to 10% Tale permitted.,foil,Clean Mixed Old Alloy Sheet Aluminum,Nonferrous Scrap - Aluminum,Taint/Tabor,Aluminum ,Sheet,,,ALUMINUM SCRAP TAINT TABOR AS PER ISRI E,,,ALUMINUM SCRAP TAINT TABOR AS PER ISRI E,,,,50121,Non-Ferrous
147,IS_COMPOSED_OF,Lids with sealers,,Low copper,Lids with sealers,New Aluminum Can Stock,Nonferrous Scrap - Aluminum,Take,Aluminum ,Cans and clippings ,,,,,,,,,,ALUMINUM,ALUMINUM
148,IS_COMPOSED_OF,Plastic coating,,Clean,Plastic coating,Painted Siding,Nonferrous Scrap - Aluminum,Tale,Aluminum,Siding scrap ,,,,,,,,,,ALUMINUM,ALUMINUM
149,IS_EQUIVALENT_TO,Brass tubing,,Clean,Brass tubing,Aluminum Copper Radiators,Nonferrous Scrap - Aluminum,Talk,Aluminum/Copper,Radiators,,,ALUMINUM SCRAP TALK AS AS PER ISRI,,Non-Ferrous,ALUMINUM SCRAP TALK AS AS PER ISRI,,,,50058,ΣΚΡΑΠ ΨΥΓΕΙΩΝ ΑΛΟΥΜΙΝΙΟΥ/ΧΑΛΚΟΥ
150,IS_EQUIVALENT_TO,Brass tubing,,Clean,Brass tubing,Aluminum Copper Radiators,Nonferrous Scrap - Aluminum,Talk,Aluminum/Copper,Radiators,,,ALUMINUM SCRAP TALK AS AS PER ISRI(E),,,ALUMINUM SCRAP TALK AS AS PER ISRI(E),,,,50193,Non-Ferrous
151,IS_EQUIVALENT_TO,Brass tubing,,Clean,Brass tubing,Aluminum Copper Radiators,Nonferrous Scrap - Aluminum,Talk,Aluminum/Copper,Radiators,,,ALUMINUM SCRAP TALK AS AS PER ISRI(RAW),,Non-Ferrous,ALUMINUM SCRAP TALK AS AS PER ISRI(RAW),,,,40093,ΣΚΡΑΠ ΨΥΓΕΙΩΝ ΑΛΟΥΜΙΝΙΟΥ/ΧΑΛΚΟΥ(ΥΛΗ)
152,IS_COMPOSED_OF,Screening,,Clean,Screening,E.C. Aluminum Nodules,Nonferrous Scrap - Aluminum,Tall,Aluminum,E.C. ,,,,,,,,,,ALUMINUM,ALUMINUM
153,IS_EQUIVALENT_TO,All other types of radiators,,Clean. All contaminants including iron,All other types of radiators,All Aluminum Radiators From Automobiles,Nonferrous Scrap - Aluminum,Tally,Aluminum,Radiators and condensers,,,ALUMINUM SCRAP TALLY AS PER ISRI,,,ALUMINUM SCRAP TALLY AS PER ISRI,,,,50066,Non-Ferrous
154,IS_EQUIVALENT_TO,All other types of radiators,,Clean. All contaminants including iron,All other types of radiators,All Aluminum Radiators From Automobiles,Nonferrous Scrap - Aluminum,Tally,Aluminum,Radiators and condensers,,,ALUMINUM SCRAP TALLY AS PER ISRI ELV,,,ALUMINUM SCRAP TALLY AS PER ISRI ELV,,,,60132,Non-Ferrous
155,IS_COMPOSED_OF,Hair wire,,New,Hair wire,New Pure Aluminum Wire and Cable,Nonferrous Scrap - Aluminum,Talon,Aluminum,Wire and Cable ,,,,,,,,,,ALUMINUM,ALUMINUM
156,IS_COMPOSED_OF,Hair wire,,New,Hair wire,New Mixed Aluminum Wire and Cable,Nonferrous Scrap - Aluminum,Tann,Aluminum,Wire and Cable ,,,,,,,,,,ALUMINUM,ALUMINUM
157,IS_COMPOSED_OF,Hair wire,,Old,Hair wire,Old Pure Aluminum Wire and Cable,Nonferrous Scrap - Aluminum,Taste,Aluminum,Wire and Cable ,,,,,,,,,,ALUMINUM,ALUMINUM
158,IS_COMPOSED_OF,Any foreign contamination,,Consists of one alloy (typically 6063). Material may contain �butt ends� from the extrusion process. Anodized material is acceptable.,Any foreign contamination,New Production Aluminum Extrusions,Nonferrous Scrap - Aluminum,Tata,Aluminum,Extrusions,,,,,,,,,,ALUMINUM,ALUMINUM
159,IS_COMPOSED_OF,Other alloys of aluminum,,Material to consist of new production and old/used 6063 extrusions that may contain up to (but not exceed) 10 percent painted extrusions and 10 percent 6061 alloy extrusions.,Other alloys of aluminum,Aluminum Extrusions 10/10,Nonferrous Scrap - Aluminum,Toto,Aluminum,Extrusions,,,,,,,,,,ALUMINUM,ALUMINUM
160,IS_COMPOSED_OF,Iron,,Old extruded aluminum of one alloy,Iron,Aluminum Extrusions Dealer Grade,Nonferrous Scrap - Aluminum,Tutu,Aluminum,Extrusions,,,,,,,,,,ALUMINUM,ALUMINUM
161,IS_EQUIVALENT_TO,Iron,,Clean aluminum castings which may contain auto and airplane castings but no ingots. Oil and grease not to total more than 2%.,Iron,Mixed Aluminum Castings,Nonferrous Scrap - Aluminum,Tense,Aluminum,Castings,,,ALUMINUM SCRAP TENSE AS PER ISRI(E),,,ALUMINUM SCRAP TENSE AS PER ISRI(E),,,,50131,Non-Ferrous
162,IS_EQUIVALENT_TO,Iron,,Clean aluminum castings which may contain auto and airplane castings but no ingots. Oil and grease not to total more than 2%.,Iron,Mixed Aluminum Castings,Nonferrous Scrap - Aluminum,Tense,Aluminum,Castings,,,ALUMINUM SCRAP TENSE AS PER ISRI,,Non-Ferrous,ALUMINUM SCRAP TENSE AS PER ISRI,,,,50061,ΣΚΡΑΠ ΣΚΛΗΡΟΥ ΑΛΟΥΜΙΝΙΟΥ
163,IS_COMPOSED_OF,Anodized foil,,Clean,Anodized foil,New Aluminum Foil,Nonferrous Scrap - Aluminum,Terse,Aluminum,Foil,,,,,,,,,,ALUMINUM,ALUMINUM
164,IS_COMPOSED_OF,Radar chaff foil,,Baled old household aluminum foil and formed foil containers of uncoated 1000,Radar chaff foil,Post Consumer Aluminum Foil,Nonferrous Scrap - Aluminum,Tesla,Aluminum,Foil,,,,,,,,,,ALUMINUM,ALUMINUM
165,IS_COMPOSED_OF,Corrosion,,Aluminum scrap which has been sweated or melted into a form or shape such as an ingot,Corrosion,Sweated Aluminum,Nonferrous Scrap - Aluminum,Throb,Aluminum,Aluminum Scrap ,,,,,,,,,,ALUMINUM,ALUMINUM
166,IS_COMPOSED_OF,Hair wire,Tooth,New,Hair wire,Segregated New Aluminum Alloy Clippings and Solids,Nonferrous Scrap - Aluminum,Minimum thickness of .015� (.38 mm),Aluminum,Clippings and Solids,,,,,,,,,,ALUMINUM,ALUMINUM
167,IS_COMPOSED_OF,Hair wire,Tough,New,Hair wire,Mixed New Aluminum Alloy Clippings and Solids,Nonferrous Scrap - Aluminum,Minimum thickness of .015� (.38 mm),Aluminum,Clippings and Solids,,,,,,,,,,ALUMINUM,ALUMINUM
168,IS_EQUIVALENT_TO,Sawings,,New,Sawings,null,Nonferrous Scrap - Aluminum,Tread,Aluminum,Castings,,,ALUMINUM SCRAP TREAD AS PER ISRI(E),,,ALUMINUM SCRAP TREAD AS PER ISRI(E),,,,50192,Non-Ferrous
169,IS_EQUIVALENT_TO,Sawings,,New,Sawings,null,Nonferrous Scrap - Aluminum,Tread,Aluminum,Castings,,,ALUMINUM SCRAP TREAD AS PER ISRI,,Non-Ferrous,ALUMINUM SCRAP TREAD AS PER ISRI,,,,50057,ΣΚΡΑΠ ΠΡΟΦΙΛ ΑΛΟΥΜΙΝΙΟΥ
170,IS_COMPOSED_OF,Sawings,,New,Sawings,null,Nonferrous Scrap - Aluminum,Tread,Aluminum,Castings,,,,,,,,,,ALUMINUM,ALUMINUM
171,IS_COMPOSED_OF,All inserts,,Clean,All inserts,Aluminum Auto Truck Wheels,Nonferrous Scrap - Aluminum,Troma,Aluminum,Wheels,,,,,,,,,,ALUMINUM,ALUMINUM
172,IS_COMPOSED_OF,Other wires and cables unless mutually agreed upon,,Aluminum Conductor Steel Reinforced (ACSR) wire is a combination of steel and aluminum wire,Other wires and cables unless mutually agreed upon,ACSR,Nonferrous Scrap - Aluminum,Trill,Aluminum,Wire,,,,,,,,,,ALUMINUM,ALUMINUM
173,IS_COMPOSED_OF,Excessively oxidized material,,The material as received must be dry and not to contain more than 2% free zinc,Excessively oxidized material,Fragmentizer Aircraft Aluminum Scrap (2000 and 7000 series),Nonferrous Scrap - Aluminum,Twirl,Aluminum,Aircraft Scrap,,,,,,,,,,ALUMINUM,ALUMINUM
174,PRODUCES,Radioactive material,,Shall be made up of a combination of the nonferrous metals - aluminum,Radioactive material,,Nonferrous Scrap - Aluminum,Zorba,Shredded Nonferrous Scrap (predominantly aluminum),Nonferrous Scrap,,,,,,,,,,Screening,Screening
175,PRODUCES,Radioactive material,,Shall be made up of a combination of the nonferrous metals - aluminum,Radioactive material,,Nonferrous Scrap - Aluminum,Zorba,Shredded Nonferrous Scrap (predominantly aluminum),Nonferrous Scrap,,,,,,,,,,Air Separation,Air Separation
176,PRODUCES,Radioactive material,,Shall be made up of a combination of the nonferrous metals - aluminum,Radioactive material,,Nonferrous Scrap - Aluminum,Zorba,Shredded Nonferrous Scrap (predominantly aluminum),Nonferrous Scrap,,,,,,,,,,Floatation Separation,Floatation Separation
177,PRODUCES,Radioactive material,,Shall be made up of a combination of the nonferrous metals - aluminum,Radioactive material,,Nonferrous Scrap - Aluminum,Zorba,Shredded Nonferrous Scrap (predominantly aluminum),Nonferrous Scrap,,,,,,,,,,Eddy Current Separation,Eddy Current Separation
178,IS_COMPOSED_OF,Radioactive material,,Shall be made up of a combination of the nonferrous metals - aluminum,Radioactive material,,Nonferrous Scrap - Aluminum,Zorba,Shredded Nonferrous Scrap (predominantly aluminum),Nonferrous Scrap,,,,,,,,,,ALUMINUM,ALUMINUM
179,IS_EQUIVALENT_TO,Radioactive material,,Shall be made up of a combination of the nonferrous metals - aluminum,Radioactive material,,Nonferrous Scrap - Aluminum,Zorba,Shredded Nonferrous Scrap (predominantly aluminum),Nonferrous Scrap,,,ALUMINUM SCRAP ZORBA AS PER ISRI,,,ALUMINUM SCRAP ZORBA AS PER ISRI,,,,60005,Non-Ferrous
180,IS_EQUIVALENT_TO,Radioactive material,,Shall be made up of a combination of the nonferrous metals - aluminum,Radioactive material,,Nonferrous Scrap - Aluminum,Zorba,Shredded Nonferrous Scrap (predominantly aluminum),Nonferrous Scrap,,,ALUMINUM SCRAP ZORBA AS PER ISRI,,,ALUMINUM SCRAP ZORBA AS PER ISRI,,,,50068,Non-Ferrous
181,IS_EQUIVALENT_TO,Radioactive material,,Shall be made up of a combination of the nonferrous metals - aluminum,Radioactive material,,Nonferrous Scrap - Aluminum,Zorba,Shredded Nonferrous Scrap (predominantly aluminum),Nonferrous Scrap,,,ALUMINUM SCRAP ZORBA AS PER ISRI(E),,,ALUMINUM SCRAP ZORBA AS PER ISRI(E),,,,50208,Non-Ferrous
182,IS_COMPOSED_OF,Borings,,Miscellaneous old zinc base die castings,Borings,Old Zinc Die Cast Scrap,Nonferrous Scrap - Zinc,Saves,Zinc,Die castings,,,,,,,,,,ZINC,ZINC
183,IS_COMPOSED_OF,Corrosion,,New or unused,Corrosion,New Zinc Die Cast Scrap,Nonferrous Scrap - Zinc,Scabs,Zinc ,Die castings,,,,,,,,,,ZINC,ZINC
184,IS_COMPOSED_OF,Soldered material,,Clean,Soldered material,Zinc Die Cast Automotive Grilles,Nonferrous Scrap - Zinc,Scoot,Zinc ,Die castings automotive grilles ,,,,,,,,,,ZINC,ZINC
185,IS_COMPOSED_OF,Nonferrous Scrap - Zinc,,Clean,,,Nonferrous Scrap - Zinc,Score,Old Zinc Scrap,Zinc scrap (such as sheets,,,,,,,,,,ZINC,ZINC
186,IS_COMPOSED_OF,Corrosion ,,New pure zinc. To contain no foreign material or attachments.,Corrosion ,,Nonferrous Scrap - Zinc,Screen,New Zinc Clippings,Sheets or stampings ,,,,,,,,,,ZINC,ZINC
187,IS_COMPOSED_OF,Dirt,,Clean.To contain a maximum of 5% unmeltables such as free iron,Dirt,,Nonferrous Scrap - Zinc,Scribe,Crushed Clean Sorted Fragmentizer Die Cast Scrap,Fragmentizer Die Cast Scrap,,,,,,,,,,ZINC,ZINC
188,IS_COMPOSED_OF,Nonferrous Scrap - Zinc,,Material to contain about 55% zinc-bearing scrap. Other nonferrous metals such as aluminum,,,Nonferrous Scrap - Zinc,Scroll,Unsorted Zing Die Cast Scrap,Cast scrap produced from automobile fragmentizers,,,,,,,,,,ZINC,ZINC
189,IS_COMPOSED_OF,Nonferrous Scrap - Zinc,Scrub,Consists only of galvanizers unsweated zinc dross in slab form from hot dip galvanizing (Batch Process) with a minimum zinc content of 92% and shall be free of skimmings and tramp iron. Material from continuous galvanizing operation is not acceptable.,,,Nonferrous Scrap - Zinc,Broken pieces under 2� in diameter shall not exceed 10% of the weight of each shipment. Slabs shall not weigh over 100 pounds each.,Hot Dip Galvanizers Slab Zinc Dross (Batch Process),Dross in slab,,,,,,,,,,ZINC,ZINC
190,IS_COMPOSED_OF,Material to be free from drosses and to contain a minimum zinc content of 90%,,Melted zinc base die cast materials,Material to be free from drosses and to contain a minimum zinc content of 90%,,Nonferrous Scrap - Zinc,Scull,Zinc Die Cast Slabs or Pigs,Die cast materials in slabs or pigs,,,,,,,,,,ZINC,ZINC
191,IS_COMPOSED_OF,Skimmings,Seal,Unsweated zinc dross removed from the top of a continuous line galvanizing bath,Skimmings,,Nonferrous Scrap - Zinc,Not weighing in excess of 100 pounds each slab. Broken pieces under 2� in diameter shall not exceed 10% of the weight of each shipment.,Continuous Line Galvanizing Slab Zinc Top Dross,Dross,,,,,,,,,,ZINC,ZINC
192,IS_COMPOSED_OF,Skimmings,Seam,Unsweated zinc dross removed from the top of a continuous line galvanizing bath,Skimmings,,Nonferrous Scrap - Zinc,Not weighing in excess of 100 pounds each slab. Broken pieces under 2� in diameter shall not exceed 10% of the weight of each shipment.,Continuous Line Galvanizing Slab Zinc Bottom Dross,Dross,,,,,,,,,,ZINC,ZINC
193,IS_COMPOSED_OF,Corrosion or oxidation,Shelf,Metal skimmed from the top of pot of molten zinc die cast metal. Must be unsweated,Corrosion or oxidation,,Nonferrous Scrap - Zinc,Weighing not over 75 pounds each mold or mound.,Prime Zinc Die Cast Dross,Skimmings,,,,,,,,,,ZINC,ZINC
194,IS_COMPOSED_OF,Copper,,Clean,Copper,Magnesium Clips,Nonferrous Scrap - Magnesium,Wafer,Magnesium ,Clips,,,,,,,,,,MAGNESIUM,MAGNESIUM
195,IS_COMPOSED_OF,Brass,,Nonferrous Scrap - Magnesium,Brass,Magnesium Scrap,,Walnut,Magnesium ,Castings,,,,,,,,,,MAGNESIUM,MAGNESIUM
196,IS_COMPOSED_OF,Copper,,Clean ,Copper,Magnesium Engraver Plates,Nonferrous Scrap - Magnesium,Wine,Magnesium ,Engraver plates ,,,,,,,,,,MAGNESIUM,MAGNESIUM
197,IS_COMPOSED_OF,Foreign attachments,,Clean,Foreign attachments,Magnesium Dockboards,Nonferrous Scrap - Magnesium,Wood,Magnesium ,Dockboards,,,,,,,,,,MAGNESIUM,MAGNESIUM
198,IS_COMPOSED_OF,Nonferrous Scrap - Magnesium,,Nonferrous Scrap - Magnesium,,Magnesium Turnings,,World,Magnesium ,Turnings,,,,,,,,,,MAGNESIUM,MAGNESIUM
199,IS_COMPOSED_OF,Castings,,Clean. Nickel minimum 99%; Cobalt maximum 0.25%; Copper maximum 0.50%.,Castings,New Nickel Scrap,Nonferrous Scrap - Nickel/Stainless/Hi Temp,Aroma,Wrought nickel ,Sheet,,,,,,,,,,NICKEL,NICKEL
200,IS_COMPOSED_OF,Castings,,Old and/or new. Material to contain a minimum of 98% nickel; Copper maximum 0.50%.,Castings,,Nonferrous Scrap - Nickel/Stainless/Hi Temp,Burly,Old Nickel Scrap,Sheet,,,,,,,,,,NICKEL,NICKEL
201,IS_COMPOSED_OF,Foreign attachments or any other contamination,,Clean,Foreign attachments or any other contamination,New Cupro Nickel Clips and Solids,Nonferrous Scrap - Nickel/Stainless/Hi Temp,Dandy,Cupro nickel ,Tube,,,,,,,,,,CUPRO NICKEL,CUPRO NICKEL
202,IS_COMPOSED_OF,Foreign attachments and all other contamination.,,Old,Foreign attachments and all other contamination.,Cupro Nickel Solids,Nonferrous Scrap - Nickel/Stainless/Hi Temp,Daunt,Cupro nickel ,Tube,,,,,,,,,,CUPRO NICKEL,CUPRO NICKEL
203,IS_COMPOSED_OF,Nonferrous Scrap - Nickel/Stainless/Hi Temp,,Clean,,Cupro Nickel Spinnings,Nonferrous Scrap - Nickel/Stainless/Hi Temp,Decoy,Cupro nickel ,Spinnings,,,,,,,,,,CUPRO NICKEL,CUPRO NICKEL
204,IS_COMPOSED_OF,Trimmed seams and edges and all other contamination.,,Consist of segregated (normally accepted analysis grades) either 70/30,Trimmed seams and edges and all other contamination.,Soldered Cupro Nickel Solids,Nonferrous Scrap - Nickel/Stainless/Hi Temp,Delta,Cupro nickel ,Solids ,,,,,,,,,,CUPRO NICKEL,CUPRO NICKEL
205,IS_COMPOSED_OF,Nonferrous Scrap - Nickel/Stainless/Hi Temp,,Consist of miscellaneous scrap in which the basic elements,,null,Nonferrous Scrap - Nickel/Stainless/Hi Temp,Depth,Copper/Nickel ,Miscellaneous scrap (e.g. peelings,,,,,,,,,,NICKEL-COPPER,NICKEL-COPPER
206,IS_COMPOSED_OF,Foreign attachments or all other contamination.,,Clean,Foreign attachments or all other contamination.,New R-Monel Clippings and Solids,Nonferrous Scrap - Nickel/Stainless/Hi Temp,Hitch,R-Monel,Sheet,,,,,,,,,,R-MONEL,R-MONEL
207,IS_COMPOSED_OF,Foreign attachments or all other contamination.,,Clean,Foreign attachments or all other contamination.,New R-Monel Clippings and Solids,Nonferrous Scrap - Nickel/Stainless/Hi Temp,Hitch,R-Monel,Sheet,,,,,,,,,,MONEL,MONEL
208,IS_COMPOSED_OF,Foreign attachments or all other contamination.,,New,Foreign attachments or all other contamination.,New Mixed Monel Solids and Clippings,Nonferrous Scrap - Nickel/Stainless/Hi Temp,House,R-Monel/K-Monel,Solids and Clippings,,,,,,,,,,MONEL,MONEL
209,IS_COMPOSED_OF,Soldered,,Clean,Soldered,Old Monel Sheet and Solids,Nonferrous Scrap - Nickel/Stainless/Hi Temp,Ideal,R-Monel/K-Monel,Solids (e.g. sheet,,,,,,,,,,MONEL,MONEL
210,IS_COMPOSED_OF,Nonferrous Scrap - Nickel/Stainless/Hi Temp,,Clean ,,K-Monel Solids,Nonferrous Scrap - Nickel/Stainless/Hi Temp,Indian,K-Monel,Solids,,,,,,,,,,K-MONEL,K-MONEL
211,IS_COMPOSED_OF,Nonferrous Scrap - Nickel/Stainless/Hi Temp,,Clean ,,K-Monel Solids,Nonferrous Scrap - Nickel/Stainless/Hi Temp,Indian,K-Monel,Solids,,,,,,,,,,MONEL,MONEL
212,IS_COMPOSED_OF,Trimmed seams and edges,,Consist of soldered and/or brazed miscellaneous grades of Monel alloys in either wrought or cast form.,Trimmed seams and edges,Soldered Monel Sheet and Solids,Nonferrous Scrap - Nickel/Stainless/Hi Temp,Junto,Monel ,Solids,,,,,,,,,,MONEL,MONEL
213,IS_COMPOSED_OF,Foreign attachments or any other contamination,,Shall consist of various types of clean Monel castings,Foreign attachments or any other contamination,Monel Castings,Nonferrous Scrap - Nickel/Stainless/Hi Temp,Lemon,Monel ,Castings,,,,,,,,,,MONEL,MONEL
214,IS_COMPOSED_OF,Nonferrous Scrap - Nickel/Stainless/Hi Temp,,Shall consist of mixed Monel turnings and borings containing a minimum of 60% nickel content,,Monel Turnings,Nonferrous Scrap - Nickel/Stainless/Hi Temp,Lemur,Monel ,Turnings,,,,,,,,,,MONEL,MONEL
215,IS_COMPOSED_OF,Foreign attachments and other contamination.,,Consist of all types of clean AISI Series Stainless Steel Scrap Solids,Foreign attachments and other contamination.,200 Series Stainless Steel Scrap Solids,Nonferrous Scrap - Nickel/Stainless/Hi Temp,Pekoe,Stainless Steel,Scrap Solids ,,,,,,,,,,STAINLESS STEEL,STAINLESS STEEL
216,IS_COMPOSED_OF,Harmful contaminants,,Consist of clean 18-8 type stainless steel clips and solids containing a minimum 7% nickel,Harmful contaminants,Stainless Steel Scrap,Nonferrous Scrap - Nickel/Stainless/Hi Temp,Sabot,Stainless Steel,Clips and Solids ,,,,,,,,,,STAINLESS STEEL,STAINLESS STEEL
217,IS_COMPOSED_OF,Nonferrous metals,,Consist of clean 18-8 type stainless steel turnings containing a minimum 7% nickel and 16% chrome,Nonferrous metals,Stainless Steel Turnings,Nonferrous Scrap - Nickel/Stainless/Hi Temp,Ultra,Stainless Steel,Turnings,,,,,,,,,,STAINLESS STEEL,STAINLESS STEEL
218,IS_COMPOSED_OF,Ferrous Scrap ,200,,,No. 1 Heavy Melting Steel,Ferrous Scrap ,1/4 inch and over in thickness. Individual pieces not over 60 x 24 inches (charging box size),Wrougt iron and/or steel,Prepared in a manner to insure compact charging.,,,,,,,,,,WROUGHT IRON,WROUGHT IRON
219,IS_COMPOSED_OF,Ferrous Scrap ,200,,,No. 1 Heavy Melting Steel,Ferrous Scrap ,1/4 inch and over in thickness. Individual pieces not over 60 x 24 inches (charging box size),Wrougt iron and/or steel,Prepared in a manner to insure compact charging.,,,,,,,,,,STEEL,STEEL
220,IS_COMPOSED_OF,Ferrous Scrap ,201,,,No. 1 Heavy Melting Steel 3 feet x 18 inches,Ferrous Scrap ,1/4 inch and over in thickness. Individual pieces not over 36 x 18 inches (charging box size),Wrougt iron and/or steel,Prepared in a manner to insure compact charging.,,,,,,,,,,WROUGHT IRON,WROUGHT IRON
221,IS_COMPOSED_OF,Ferrous Scrap ,201,,,No. 1 Heavy Melting Steel 3 feet x 18 inches,Ferrous Scrap ,1/4 inch and over in thickness. Individual pieces not over 36 x 18 inches (charging box size),Wrougt iron and/or steel,Prepared in a manner to insure compact charging.,,,,,,,,,,STEEL,STEEL
222,IS_COMPOSED_OF,Ferrous Scrap ,202,,,No. 1 Heavy Melting Steel 5 feet x 18 inches,Ferrous Scrap ,1/4 inch and over in thickness. Individual pieces not over 60 x 18 inches (charging box size),Wrougt iron and/or steel,Prepared in a manner to insure compact charging.,,,,,,,,,,WROUGHT IRON,WROUGHT IRON
223,IS_COMPOSED_OF,Ferrous Scrap ,202,,,No. 1 Heavy Melting Steel 5 feet x 18 inches,Ferrous Scrap ,1/4 inch and over in thickness. Individual pieces not over 60 x 18 inches (charging box size),Wrougt iron and/or steel,Prepared in a manner to insure compact charging.,,,,,,,,,,STEEL,STEEL
224,IS_COMPOSED_OF,Ferrous Scrap ,203,,,No. 2 Heavy Melting Steel,Ferrous Scrap ,1/8 inch and over in thickness,Wrougt iron and steel ,Black and galvanized. Charging box size to include material not suitable as No. 1 heavy melting steel. Prepared in a manner to insure compact charging.,,,,,,,,,,WROUGHT IRON,WROUGHT IRON
225,IS_COMPOSED_OF,Ferrous Scrap ,203,,,No. 2 Heavy Melting Steel,Ferrous Scrap ,1/8 inch and over in thickness,Wrougt iron and steel ,Black and galvanized. Charging box size to include material not suitable as No. 1 heavy melting steel. Prepared in a manner to insure compact charging.,,,,,,,,,,STEEL,STEEL
226,IS_COMPOSED_OF,Ferrous Scrap ,204,,,No. 2 Heavy Melting Steel,Ferrous Scrap ,Maximum size 36 x18 inches,Wrougt iron and steel ,Black and galvanized. May include all automobile scrap properly prepared.,,,,,,,,,,WROUGHT IRON,WROUGHT IRON
227,IS_COMPOSED_OF,Ferrous Scrap ,204,,,No. 2 Heavy Melting Steel,Ferrous Scrap ,Maximum size 36 x18 inches,Wrougt iron and steel ,Black and galvanized. May include all automobile scrap properly prepared.,,,,,,,,,,STEEL,STEEL
228,IS_COMPOSED_OF,Sheet iron or thin gauged material,205,,Sheet iron or thin gauged material,No. 2 Heavy Melting Steel 3 feet x 18 inches,Ferrous Scrap ,Maximum size 36 x18 inches,Wrougt iron and steel ,Black and galvanized. May include all automobile scrap properly prepared.,,,,,,,,,,WROUGHT IRON,WROUGHT IRON
229,IS_COMPOSED_OF,Sheet iron or thin gauged material,205,,Sheet iron or thin gauged material,No. 2 Heavy Melting Steel 3 feet x 18 inches,Ferrous Scrap ,Maximum size 36 x18 inches,Wrougt iron and steel ,Black and galvanized. May include all automobile scrap properly prepared.,,,,,,,,,,STEEL,STEEL
230,IS_COMPOSED_OF,Sheet iron or thin gauged material,206,,Sheet iron or thin gauged material,No. 2 Heavy Melting Steel 5 feet x 18 inches,Ferrous Scrap ,Maximum size 60 x18 inches,Wrougt iron and steel ,Black and galvanized. May include all automobile scrap properly prepared.,,,,,,,,,,WROUGHT IRON,WROUGHT IRON
231,IS_COMPOSED_OF,Sheet iron or thin gauged material,206,,Sheet iron or thin gauged material,No. 2 Heavy Melting Steel 5 feet x 18 inches,Ferrous Scrap ,Maximum size 60 x18 inches,Wrougt iron and steel ,Black and galvanized. May include all automobile scrap properly prepared.,,,,,,,,,,STEEL,STEEL
232,IS_COMPOSED_OF,Metal coated,207,Clean steel scrap,Metal coated,No. 1 Busheling,Ferrous Scrap ,Maximum size 2 feet by 5 feet,Steel,Sheet,,,,,,,,,,STEEL,STEEL
233,IS_COMPOSED_OF,Metal coated,208,Compressed or hand bundled,Metal coated,No. 1 Bundles,Ferrous Scrap ,Weighing not less than 75 pounds per cubic foot.,Black steel ,Sheet,,,,,,,,,,STEEL,STEEL
234,IS_COMPOSED_OF,Ferrous Scrap ,209,,,No. 2 Bundles,Ferrous Scrap ,Weighing not less than 75 pounds per cubic foot,Steel,Old black and galvanized hydraulically compressed to charging box size. May not include tin or lead-coated material or vitreous enameled material.,,,,,,,,,,STEEL,STEEL
235,IS_COMPOSED_OF,Ferrous Scrap ,210,,,Shredded Scrap,Ferrous Scrap ,Average density 50 pounds per cubic foot.,Iron and Steel ,Homogeneous,,,,,,,,,,IRON,IRON
236,IS_COMPOSED_OF,Ferrous Scrap ,210,,,Shredded Scrap,Ferrous Scrap ,Average density 50 pounds per cubic foot.,Iron and Steel ,Homogeneous,,,,,,,,,,STEEL,STEEL
237,IS_COMPOSED_OF,Ferrous Scrap ,211,,,Shredded Scrap,Ferrous Scrap ,Average density 70 pounds per cubic foot.,Iron and Steel ,Homogeneous,,,,,,,,,,IRON,IRON
238,IS_COMPOSED_OF,Ferrous Scrap ,211,,,Shredded Scrap,Ferrous Scrap ,Average density 70 pounds per cubic foot.,Iron and Steel ,Homogeneous,,,,,,,,,,STEEL,STEEL
239,IS_COMPOSED_OF,Ferrous Scrap ,212,Ferrous Scrap ,,Shredded Clippings,,Material should have an average density of 60 pounds per cubic foot,1000 series carbon steel ,Clippings or sheets,,,,,,,,,,STEEL,STEEL
240,IS_COMPOSED_OF,Other non-metallics,213,,Other non-metallics,Steel Can Bundles,Ferrous Scrap ,Weighing not less than 75 pounds per cubic foot,Steel,Scrap compressed to charging box size. Cans may be baled without removal of paper labels. May include up to 5 gallon tin coated containers.,,,,,,,,,,STEEL,STEEL
241,IS_COMPOSED_OF,Ferrous Scrap ,214,Compressed to charging box size. May include all coated ferrous scrap not suitable for inclusion in No. 2 bundles,,No. 3 Bundles,Ferrous Scrap ,Weighing not less than 75 pounds per cubic foot. ,Steel,Sheet,,,,,,,,,,STEEL,STEEL
242,IS_COMPOSED_OF,Ferrous Scrap ,215,Compressed to charging box size. Processed through a recognized garbage incinerator. ,,Incinerator Bundles,Ferrous Scrap ,Weighing not less than 75 pounds per cubic foot,Tin,Cans,,,,,,,,,,TIN,TIN
243,IS_COMPOSED_OF,Ferrous Scrap ,216,Compressed or hand bundled,,Terne Plate Bundles,Ferrous Scrap ,weighing not less than 75 pounds per cubic foot.,Terne,Plate sheet,,,,,,,,,,TERNE,TERNE
244,IS_COMPOSED_OF,All metal-coated material,217,,All metal-coated material,Bundled No. 1 Steel,Ferrous Scrap ,1/8 inch or over in thickness and weighing not less than 75 pounds per cubic foot,Wrought iron and/or steel ,Compressed to charging box size,,,,,,,,,,STEEL,STEEL
245,IS_COMPOSED_OF,All metal-coated material,217,,All metal-coated material,Bundled No. 1 Steel,Ferrous Scrap ,1/8 inch or over in thickness and weighing not less than 75 pounds per cubic foot,Wrought iron and/or steel ,Compressed to charging box size,,,,,,,,,,WROUGHT IRON,WROUGHT IRON
246,IS_COMPOSED_OF,All coated material,218,,All coated material,Bundled No. 2 Steel,Ferrous Scrap ,1/8 inch and over in thickness and weighing not less than 75 pounds per cubic foot.,Wrought iron and/or steel ,Black or galvanized. Compressed to charging box size. Auto body and fender stock,,,,,,,,,,STEEL,STEEL
247,IS_COMPOSED_OF,All coated material,218,,All coated material,Bundled No. 2 Steel,Ferrous Scrap ,1/8 inch and over in thickness and weighing not less than 75 pounds per cubic foot.,Wrought iron and/or steel ,Black or galvanized. Compressed to charging box size. Auto body and fender stock,,,,,,,,,,WROUGHT IRON,WROUGHT IRON
248,IS_COMPOSED_OF,Iron borings,,Clean. May not include badly rusted or corroded stock.,Iron borings,Machine Shop Turnings,Ferrous Scrap ,219,Wrought Iron or steel,Turnings,,,,,,,,,,WROUGHT IRON,WROUGHT IRON
249,IS_COMPOSED_OF,Iron borings,,Clean. May not include badly rusted or corroded stock.,Iron borings,Machine Shop Turnings,Ferrous Scrap ,219,Wrought Iron or steel,Turnings,,,,,,,,,,STEEL,STEEL
250,IS_COMPOSED_OF,Iron borings,,Clean. May not include badly rusted or corroded stock.,Iron borings,Machine Shop Turnings and Iron Borings,Ferrous Scrap ,220,Wrought Iron or steel,Trunings and borings (iron),,,,,,,,,,WROUGHT IRON,WROUGHT IRON
251,IS_COMPOSED_OF,Iron borings,,Clean. May not include badly rusted or corroded stock.,Iron borings,Machine Shop Turnings and Iron Borings,Ferrous Scrap ,220,Wrought Iron or steel,Trunings and borings (iron),,,,,,,,,,STEEL,STEEL
252,IS_COMPOSED_OF,Iron borings,,Clean. May not include badly rusted or corroded stock.,Iron borings,Machine Shop Turnings and Iron Borings,Ferrous Scrap ,220,Wrought Iron or steel,Trunings and borings (iron),,,,,,,,,,IRON,IRON
253,IS_COMPOSED_OF,Springy,,Clean. May include any such material whether resulting from crushing,Springy,,Ferrous Scrap ,221,Shoveling Turnings,Turnings,,,,,,,,,,STEEL,STEEL
254,IS_COMPOSED_OF,Springy,,Clean. May include any such material whether resulting from crushing,Springy,,Ferrous Scrap ,221,Shoveling Turnings,Turnings,,,,,,,,,,WROUGHT IRON,WROUGHT IRON
255,IS_COMPOSED_OF,Springy,,Clean. May include any such material whether resulting from crushing,Springy,,Ferrous Scrap ,222,Shoveling Turnings and Iron Borings,Turnings,,,,,,,,,,STEEL,STEEL
256,IS_COMPOSED_OF,Springy,,Clean. May include any such material whether resulting from crushing,Springy,,Ferrous Scrap ,222,Shoveling Turnings and Iron Borings,Turnings,,,,,,,,,,IRON,IRON
257,IS_COMPOSED_OF,Springy,,Clean. May include any such material whether resulting from crushing,Springy,,Ferrous Scrap ,222,Shoveling Turnings and Iron Borings,Turnings,,,,,,,,,,WROUGHT IRON,WROUGHT IRON
258,IS_COMPOSED_OF,Steel turnings,,Clean,Steel turnings,Iron Borings,Ferrous Scrap ,223,Cast Iron or malleable iron ,Borings and drillings ,,,,,,,,,,CAST IRON,CAST IRON
259,IS_COMPOSED_OF,Steel turnings,,Clean,Steel turnings,Iron Borings,Ferrous Scrap ,223,Cast Iron or malleable iron ,Borings and drillings ,,,,,,,,,,MALLEABLE IRON,MALLEABLE IRON
260,IS_COMPOSED_OF,Ferrous Scrap ,,Ferrous Scrap ,,Briquetted Iron Borings,,226,Iron,Borings,,,,,,,,,,IRON,IRON
261,IS_COMPOSED_OF,Ferrous Scrap ,,Ferrous Scrap ,,Briquetted Steel Turnings,,227,Steel,Turnings,,,,,,,,,,STEEL,STEEL
262,IS_COMPOSED_OF,Stove plate,252,Clean ,Stove plate,Cupola Cast,Ferrous Scrap - Specially processed Grades to Meet Consumer Requirements - Cast Iron Grades,Cupola size,Cast iron ,Columns,,,,,,,,,,CAST IRON,CAST IRON
263,IS_COMPOSED_OF,Burnt iron,253,,Burnt iron,Charging Box Cast,Ferrous Scrap - Specially processed Grades to Meet Consumer Requirements - Cast Iron Grades,Not over 60 inches in length or 30 inches in width,Cast iron ,Clean,,,,,,,,,,CAST IRON,CAST IRON
264,IS_COMPOSED_OF,Ferrous Scrap - Specially processed Grades to Meet Consumer Requirements - Cast Iron Grades,254,,,Heavy Breakable Cast,Ferrous Scrap - Specially processed Grades to Meet Consumer Requirements - Cast Iron Grades,Charging box size or weighing more than 500 pounds,Cast iron ,May include cylinders and driving wheel centers. May include steel which does not exceed 10 percent of the casting by weight,,,,,,,,,,CAST IRON,CAST IRON
265,IS_COMPOSED_OF,Ferrous Scrap - Specially processed Grades to Meet Consumer Requirements - Cast Iron Grades,,Ferrous Scrap - Specially processed Grades to Meet Consumer Requirements - Cast Iron Grades,,Hammer Block or Bases,,255,Cast iron ,Hammer block or bases,,,,,,,,,,CAST IRON,CAST IRON
266,IS_COMPOSED_OF,Ferrous Scrap - Specially processed Grades to Meet Consumer Requirements - Cast Iron Grades,,May include sash weights or window weights.,,Burnt Iron,Ferrous Scrap - Specially processed Grades to Meet Consumer Requirements - Cast Iron Grades,256,Burnt cast iron ,Stove parts,,,,,,,,,,CAST IRON,CAST IRON
267,IS_COMPOSED_OF,Ferrous Scrap - Specially processed Grades to Meet Consumer Requirements - Cast Iron Grades,257,,,Mixed Cast,Ferrous Scrap - Specially processed Grades to Meet Consumer Requirements - Cast Iron Grades,Dimensions not over 24 inches x 30 inches and no piece over 150 pounds in weight,Cast iron ,May include all grades of cast iron except burnt iron.,,,,,,,,,,CAST IRON,CAST IRON
268,IS_COMPOSED_OF,Malleable and steel parts,,,Malleable and steel parts,,,258,Stove Plate,Ferrous Scrap - Specially processed Grades to Meet Consumer Requirements - Cast Iron Grades,,,,,,,,,,CAST IRON,CAST IRON
269,IS_COMPOSED_OF,Cast iron and steel parts and other foreign material,,Ferrous Scrap - Specially processed Grades to Meet Consumer Requirements - Cast Iron Grades,Cast iron and steel parts and other foreign material,,,264,Malleable,Malleable parts of automobiles,,,,,,,,,,MALLEABLE IRON,MALLEABLE IRON
270,IS_COMPOSED_OF,Ferrous Scrap - Specially processed Grades to Meet Consumer Requirements - Cast Iron Grades,265,Broken ,,Broken Ingot Molds and Stools,Ferrous Scrap - Specially processed Grades to Meet Consumer Requirements - Cast Iron Grades,Maximum size 2 feet x 3 feet x 5 feet,Cast iron ,Ingot molds and stools,,,,,,,,,,CAST IRON,CAST IRON
271,IS_COMPOSED_OF,Ferrous Scrap - Specially processed Grades to Meet Consumer Requirements - Cast Iron Grades,,Unbroken ,,Unbroken Ingot Molds and Stools,Ferrous Scrap - Specially processed Grades to Meet Consumer Requirements - Cast Iron Grades,266,Cast iron ,Ingot molds and stools,,,,,,,,,,CAST IRON,CAST IRON
272,IS_COMPOSED_OF,Steel turnings,,Containing not more than 1 percent oil,Steel turnings,No. 1 Chemical Borings,Ferrous Scrap - Specially processed Grades to Meet Consumer Requirements - Special Boring Grades,267,Cast or malleable iron ,Borings and drillings ,,,,,,,,,,MALLEABLE IRON,MALLEABLE IRON
273,IS_COMPOSED_OF,Steel turnings,,Containing not more than 1 percent oil,Steel turnings,No. 1 Chemical Borings,Ferrous Scrap - Specially processed Grades to Meet Consumer Requirements - Special Boring Grades,267,Cast or malleable iron ,Borings and drillings ,,,,,,,,,,CAST IRON,CAST IRON
274,IS_COMPOSED_OF,Ferrous Scrap - Specially processed Grades to Meet Consumer Requirements - Special Boring Grades,,Heated,,Briquetted Cast Iron Borings,Ferrous Scrap - Specially processed Grades to Meet Consumer Requirements - Special Boring Grades,268,Cast iron ,Borings,,,,,,,,,,CAST IRON,CAST IRON
275,IS_COMPOSED_OF,Steel and nonferrous material,,hydraulically compressed into a cohesive solid,Steel and nonferrous material,Briquetted Cast Iron Borings,Ferrous Scrap - Specially processed Grades to Meet Consumer Requirements - Special Boring Grades,269,Cast iron ,Boring briquettes,,,,,,,,,,CAST IRON,CAST IRON
276,IS_COMPOSED_OF,Steel turnings,,Clean ,Steel turnings,Malleable Borings,Ferrous Scrap - Specially processed Grades to Meet Consumer Requirements - Special Boring Grades,270,Malleable iron ,Borings and drillings ,,,,,,,,,,MALLEABLE IRON,MALLEABLE IRON
277,IS_COMPOSED_OF,Steel turnings,,Nea clean,Steel turnings,No. 2 Chemical Borings,Ferrous Scrap - Specially processed Grades to Meet Consumer Requirements - Special Boring Grades,271,Cast or malleable iron ,Borings and drillings ,,,,,,,,,,MALLEABLE IRON,MALLEABLE IRON
278,IS_COMPOSED_OF,Steel turnings,,Nea clean,Steel turnings,No. 2 Chemical Borings,Ferrous Scrap - Specially processed Grades to Meet Consumer Requirements - Special Boring Grades,271,Cast or malleable iron ,Borings and drillings ,,,,,,,,,,CAST IRON,CAST IRON
